ts,lat,lng,speed,isha,distance,event_flag,fl_level,gsm_signal,direction,external_bat_voltage,internal_bat_voltage,satellites,hdop,pluscode
5/21/2021 15:03,12.933977,77.689484,59,False,16275851,3072,115,18,47,13691,3924,14,0.69,7J4VWMMQ+
5/21/2021 15:03,12.932993,77.688393,52,False,16275623,3072,72,18,47,13691,3924,14,0.69,7J4VWMMQ+
5/21/2021 15:03,12.93497,77.69059,59,False,16275966,3072,158,28,47,13736,3886,13,0.73,7J4VWMMR+
5/21/2021 15:03,12.936002,77.691704,58,False,16276181,3072,115,28,47,13661,3886,14,0.69,7J4VWMPR+
5/21/2021 15:03,12.936988,77.692734,53,False,16276295,3072,493,23,46,13661,3918,14,0.69,7J4VWMPV+
5/21/2021 15:03,12.937862,77.693489,42,False,16276499,3072,536,23,43,13557,3918,14,0.69,7J4VWMQV+
5/21/2021 15:03,12.938615,77.694313,42,False,16276609,3072,115,24,42,13751,3918,14,0.69,7J4VWMQV+
5/21/2021 15:03,12.939233,77.694878,21,False,16276713,3072,72,24,35,13527,3918,14,0.69,7J4VWMQV+
5/21/2021 15:03,12.939525,77.695396,28,False,16276713,3072,72,28,67,13706,3924,14,0.69,7J4VWMQW+
5/21/2021 15:03,12.94,77.695831,29,False,16276814,3072,72,28,30,13706,3924,14,0.69,7J4VWMQW+
5/21/2021 15:03,12.940482,77.696106,9,False,16276814,3072,72,23,39,13691,3880,14,0.69,7J4VWMRW+
5/21/2021 15:03,12.941063,77.696442,35,False,16276915,3072,72,23,30,13781,3880,14,0.69,7J4VWMRW+
5/21/2021 15:03,12.941757,77.696815,34,False,16277017,3072,72,31,29,13781,3891,13,0.73,7J4VWMRW+
5/21/2021 15:03,12.942437,77.697266,34,False,16277123,3072,72,31,29,13616,3891,14,0.69,7J4VWMRW+
5/21/2021 15:03,12.943317,77.697685,45,False,16277224,3072,72,27,21,13736,3902,14,0.69,7J4VWMVX+
5/21/2021 15:03,12.944187,77.698013,38,False,16277326,3072,72,27,21,13736,3902,14,0.69,7J4VWMVX+
5/21/2021 15:03,12.94507,77.698296,29,False,16277432,3072,72,29,21,13542,3891,13,0.73,7J4VWMWX+
5/21/2021 15:03,12.945765,77.698524,31,False,16277532,3072,72,29,14,13706,3891,13,0.73,7J4VWMWX+
5/21/2021 15:03,12.94667,77.698845,44,False,16277632,3072,72,23,18,13766,3918,14,0.69,7J4VWMWX+
5/21/2021 15:03,12.947722,77.699196,39,False,16277734,3072,72,23,17,13721,3918,14,0.69,7J4VWMXX+
5/21/2021 15:03,12.94869,77.699516,43,False,16277836,3072,72,20,14,13721,3880,13,0.73,7J4VWMXX+
5/21/2021 15:04,12.949545,77.699722,31,False,16277942,3072,79,20,20,13527,3880,10,0.93,7J4VWMXX+
5/21/2021 15:04,12.950132,77.70018,22,False,16278046,3072,93,31,98,13766,3929,12,0.77,7J4VXP22+
5/21/2021 15:04,12.949952,77.700928,27,False,16278147,3072,93,31,102,13721,3891,12,0.77,7J4VWPX2+
5/21/2021 15:04,12.949817,77.701256,10,False,16278248,3072,72,31,120,13796,3891,12,0.77,7J4VWPX2+
5/21/2021 15:04,12.949698,77.701805,25,False,16278248,3072,72,30,110,13826,3880,12,0.77,7J4VWPX2+
5/21/2021 15:04,12.949398,77.702354,11,False,16278352,3072,72,30,124,13706,3880,13,0.73,7J4VWPX2+
5/21/2021 15:04,12.949163,77.702774,15,False,16278352,3072,122,22,116,13706,3924,13,0.73,7J4VWPX3+
5/21/2021 15:04,12.948838,77.703468,33,False,16278467,3072,122,22,113,13841,3924,12,0.77,7J4VWPX3+
5/21/2021 15:04,12.948605,77.704117,19,False,16278571,3072,72,31,107,13691,3918,12,0.76,7J4VWPX3+
5/21/2021 15:04,12.9485,77.704437,21,False,16278571,3072,496,31,109,13766,3918,13,0.73,7J4VWPX3+
5/21/2021 15:04,12.948275,77.705574,19,False,16278672,3072,72,26,98,13811,3837,13,0.73,7J4VWPX4+
5/21/2021 15:04,12.948262,77.705986,17,False,16278774,3072,72,29,95,13811,3918,14,0.69,7J4VWPX4+
5/21/2021 15:04,12.948185,77.706818,21,False,16278876,3072,72,26,95,13676,3902,13,0.73,7J4VWPX4+
5/21/2021 15:04,12.948183,77.707283,19,False,16278876,3072,72,26,91,13826,3902,13,0.73,7J4VWPX4+
5/21/2021 15:04,12.948243,77.707993,10,False,16278978,3072,72,25,52,13841,3918,13,0.73,7J4VWPX5+
5/21/2021 15:04,12.948807,77.708015,5,False,16279078,3072,72,20,347,13601,3918,14,0.69,7J4VWPX5+
5/21/2021 15:04,12.948858,77.708328,22,False,16279078,3072,72,20,90,13751,3918,14,0.69,7J4VWPX5+
5/21/2021 15:04,12.948798,77.709068,9,False,16279179,3072,72,26,76,13676,3880,14,0.7,7J4VWPX5+
5/21/2021 15:04,12.94878,77.709198,0,False,16279179,3072,72,21,195,13646,3799,14,0.69,7J4VWPX5+
5/21/2021 15:04,12.948772,77.709106,6,False,16279179,3072,108,21,277,13646,3799,14,0.69,7J4VWPX5+
5/21/2021 15:04,12.948888,77.708366,26,False,16279281,3072,72,24,270,13736,3902,14,0.7,7J4VWPX5+
5/21/2021 15:04,12.948958,77.707962,12,False,16279281,3072,72,25,336,13736,3902,14,0.7,7J4VWPX5+
5/21/2021 15:04,12.949507,77.707664,20,False,16279384,3072,72,25,320,13766,3902,12,0.76,7J4VWPX5+
5/21/2021 15:04,12.950242,77.707039,19,False,16279485,3072,72,26,326,13766,3880,13,0.74,7J4VXP24+
5/21/2021 15:04,12.950618,77.706841,15,False,16279586,3072,72,31,341,13796,3880,13,0.74,7J4VXP24+
5/21/2021 15:04,12.951397,77.706573,20,False,16279688,3072,72,29,339,13751,3918,13,0.74,7J4VXP24+
5/21/2021 15:04,12.952038,77.706383,12,False,16279688,3072,86,29,337,13811,3918,13,0.74,7J4VXP24+
5/21/2021 15:04,12.952388,77.706482,9,False,16279793,3072,86,22,86,13706,3880,14,0.69,7J4VXP24+
5/21/2021 15:04,12.952752,77.707298,21,False,16279895,3072,72,26,31,13766,3880,14,0.69,7J4VXP34+
5/21/2021 15:04,12.953132,77.707413,8,False,16279895,3072,72,26,28,13691,3880,14,0.7,7J4VXP34+
5/21/2021 15:04,12.953142,77.707962,11,False,16279995,3072,72,21,97,13676,3913,13,0.74,7J4VXP35+
5/21/2021 15:04,12.953032,77.708344,10,False,16279995,3072,72,23,103,13676,3924,13,0.74,7J4VXP35+
5/21/2021 15:04,12.953042,77.708534,5,False,16279995,3072,72,23,127,13646,3924,13,0.73,7J4VXP35+
5/21/2021 15:04,12.953043,77.708771,7,False,16280097,3072,72,21,96,13721,3891,13,0.74,7J4VXP35+
5/21/2021 15:04,12.953032,77.709023,9,False,16280097,3072,72,21,109,13796,3891,13,0.74,7J4VXP35+
5/21/2021 15:04,12.953002,77.709297,8,False,16280097,3072,72,20,94,13646,3886,13,0.74,7J4VXP35+
5/21/2021 15:04,12.953012,77.709541,6,False,16280197,3072,108,20,94,13646,3886,13,0.73,7J4VXP35+
5/21/2021 15:04,12.953023,77.709579,0,False,16280197,3072,108,17,190,13497,3897,13,0.73,7J4VXP35+
5/21/2021 15:04,12.953033,77.709343,18,False,16280197,3072,108,19,269,13676,3918,11,0.84,7J4VXP35+
5/21/2021 15:04,12.953028,77.708839,13,False,16280197,3072,108,19,267,13676,3918,12,0.8,7J4VXP35+
5/21/2021 15:04,12.953048,77.708435,17,False,16280301,3072,72,19,263,13661,3918,12,0.8,7J4VXP35+
5/21/2021 15:04,12.953075,77.707954,17,False,16280301,3072,72,19,278,13646,3918,12,0.8,7J4VXP35+
5/21/2021 15:04,12.953162,77.707642,7,False,16280405,3072,72,15,298,13601,3891,12,0.8,7J4VXP35+
5/21/2021 15:04,12.953223,77.70742,12,False,16280405,3072,490,15,3,13572,3891,12,0.83,7J4VXP34+
5/21/2021 15:04,12.95369,77.707565,19,False,16280506,3072,490,27,15,13766,3880,12,0.83,7J4VXP35+
5/21/2021 15:04,12.954215,77.707588,14,False,16280506,3072,72,27,354,13766,3880,12,0.83,7J4VXP35+
5/21/2021 15:04,12.954505,77.707565,18,False,16280506,3072,72,25,350,13781,3902,13,0.77,7J4VXP35+
5/21/2021 15:05,12.955455,77.707527,17,False,16280710,3072,72,21,93,13736,3918,13,0.75,7J4VXP45+
5/21/2021 15:05,12.955397,77.708084,9,False,16280710,3072,492,21,95,13631,3918,12,0.83,7J4VXP45+
5/21/2021 15:05,12.955562,77.708336,17,False,16280811,3072,492,25,44,13766,3880,12,0.83,7J4VXP45+
5/21/2021 15:05,12.956148,77.708916,5,False,16280811,3072,72,29,21,13616,3907,13,0.75,7J4VXP45+
5/21/2021 15:05,12.956193,77.7089,0,False,16280911,3072,72,29,65,13646,3907,13,0.75,7J4VXP45+
5/21/2021 15:05,12.956227,77.708977,8,False,16280911,3072,72,31,113,13646,3902,13,0.77,7J4VXP45+
5/21/2021 15:05,12.947077,77.718285,5,False,16280911,3072,115,31,222,13616,3902,13,0.77,7J4VWPW9+
5/21/2021 15:06,12.932993,77.688393,52,False,16275623,3072,72,18,47,13691,3924,14,0.69,7J4VWMMQ+
5/21/2021 15:06,12.933977,77.689484,59,False,16275851,3072,115,18,47,13691,3924,14,0.69,7J4VWMMQ+
5/21/2021 15:06,12.93497,77.69059,59,False,16275966,3072,158,28,47,13736,3886,13,0.73,7J4VWMMR+
5/21/2021 15:06,12.936002,77.691704,58,False,16276181,3072,115,28,47,13661,3886,14,0.69,7J4VWMPR+
5/21/2021 15:06,12.936988,77.692734,53,False,16276295,3072,493,23,46,13661,3918,14,0.69,7J4VWMPV+
5/21/2021 15:06,12.937862,77.693489,42,False,16276499,3072,536,23,43,13557,3918,14,0.69,7J4VWMQV+
5/21/2021 15:06,12.938615,77.694313,42,False,16276609,3072,115,24,42,13751,3918,14,0.69,7J4VWMQV+
5/21/2021 15:06,12.939233,77.694878,21,False,16276713,3072,72,24,35,13527,3918,14,0.69,7J4VWMQV+
5/21/2021 15:06,12.939525,77.695396,28,False,16276713,3072,72,28,67,13706,3924,14,0.69,7J4VWMQW+
5/21/2021 15:06,12.94,77.695831,29,False,16276814,3072,72,28,30,13706,3924,14,0.69,7J4VWMQW+
5/21/2021 15:06,12.940482,77.696106,9,False,16276814,3072,72,23,39,13691,3880,14,0.69,7J4VWMRW+
5/21/2021 15:06,12.941063,77.696442,35,False,16276915,3072,72,23,30,13781,3880,14,0.69,7J4VWMRW+
5/21/2021 15:06,12.941757,77.696815,34,False,16277017,3072,72,31,29,13781,3891,13,0.73,7J4VWMRW+
5/21/2021 15:06,12.942437,77.697266,34,False,16277123,3072,72,31,29,13616,3891,14,0.69,7J4VWMRW+
5/21/2021 15:06,12.943317,77.697685,45,False,16277224,3072,72,27,21,13736,3902,14,0.69,7J4VWMVX+
5/21/2021 15:06,12.944187,77.698013,38,False,16277326,3072,72,27,21,13736,3902,14,0.69,7J4VWMVX+
5/21/2021 15:06,12.94507,77.698296,29,False,16277432,3072,72,29,21,13542,3891,13,0.73,7J4VWMWX+
5/21/2021 15:06,12.945765,77.698524,31,False,16277532,3072,72,29,14,13706,3891,13,0.73,7J4VWMWX+
5/21/2021 15:06,12.94667,77.698845,44,False,16277632,3072,72,23,18,13766,3918,14,0.69,7J4VWMWX+
5/21/2021 15:06,12.947722,77.699196,39,False,16277734,3072,72,23,17,13721,3918,14,0.69,7J4VWMXX+
5/21/2021 15:06,12.94869,77.699516,43,False,16277836,3072,72,20,14,13721,3880,13,0.73,7J4VWMXX+
5/21/2021 15:06,12.949545,77.699722,31,False,16277942,3072,79,20,20,13527,3880,10,0.93,7J4VWMXX+
5/21/2021 15:06,12.950132,77.70018,22,False,16278046,3072,93,31,98,13766,3929,12,0.77,7J4VXP22+
5/21/2021 15:06,12.949952,77.700928,27,False,16278147,3072,93,31,102,13721,3891,12,0.77,7J4VWPX2+
5/21/2021 15:06,12.949817,77.701256,10,False,16278248,3072,72,31,120,13796,3891,12,0.77,7J4VWPX2+
5/21/2021 15:06,12.949698,77.701805,25,False,16278248,3072,72,30,110,13826,3880,12,0.77,7J4VWPX2+
5/21/2021 15:06,12.949398,77.702354,11,False,16278352,3072,72,30,124,13706,3880,13,0.73,7J4VWPX2+
5/21/2021 15:06,12.949163,77.702774,15,False,16278352,3072,122,22,116,13706,3924,13,0.73,7J4VWPX3+
5/21/2021 15:06,12.948838,77.703468,33,False,16278467,3072,122,22,113,13841,3924,12,0.77,7J4VWPX3+
5/21/2021 15:06,12.948605,77.704117,19,False,16278571,3072,72,31,107,13691,3918,12,0.76,7J4VWPX3+
5/21/2021 15:06,12.9485,77.704437,21,False,16278571,3072,496,31,109,13766,3918,13,0.73,7J4VWPX3+
5/21/2021 15:07,12.948275,77.705574,19,False,16278672,3072,72,26,98,13811,3837,13,0.73,7J4VWPX4+
5/21/2021 15:07,12.948262,77.705986,17,False,16278774,3072,72,29,95,13811,3918,14,0.69,7J4VWPX4+
5/21/2021 15:07,12.948185,77.706818,21,False,16278876,3072,72,26,95,13676,3902,13,0.73,7J4VWPX4+
5/21/2021 15:07,12.948183,77.707283,19,False,16278876,3072,72,26,91,13826,3902,13,0.73,7J4VWPX4+
5/21/2021 15:07,12.948243,77.707993,10,False,16278978,3072,72,25,52,13841,3918,13,0.73,7J4VWPX5+
5/21/2021 15:07,12.948807,77.708015,5,False,16279078,3072,72,20,347,13601,3918,14,0.69,7J4VWPX5+
5/21/2021 15:07,12.948858,77.708328,22,False,16279078,3072,72,20,90,13751,3918,14,0.69,7J4VWPX5+
5/21/2021 15:07,12.948798,77.709068,9,False,16279179,3072,72,26,76,13676,3880,14,0.7,7J4VWPX5+
5/21/2021 15:07,12.94878,77.709198,0,False,16279179,3072,72,21,195,13646,3799,14,0.69,7J4VWPX5+
5/21/2021 15:07,12.948772,77.709106,6,False,16279179,3072,108,21,277,13646,3799,14,0.69,7J4VWPX5+
5/21/2021 15:07,12.948888,77.708366,26,False,16279281,3072,72,24,270,13736,3902,14,0.7,7J4VWPX5+
5/21/2021 15:07,12.948958,77.707962,12,False,16279281,3072,72,25,336,13736,3902,14,0.7,7J4VWPX5+
5/21/2021 15:07,12.949507,77.707664,20,False,16279384,3072,72,25,320,13766,3902,12,0.76,7J4VWPX5+
5/21/2021 15:07,12.950242,77.707039,19,False,16279485,3072,72,26,326,13766,3880,13,0.74,7J4VXP24+
5/21/2021 15:07,12.950618,77.706841,15,False,16279586,3072,72,31,341,13796,3880,13,0.74,7J4VXP24+
5/21/2021 15:07,12.951397,77.706573,20,False,16279688,3072,72,29,339,13751,3918,13,0.74,7J4VXP24+
5/21/2021 15:07,12.952038,77.706383,12,False,16279688,3072,86,29,337,13811,3918,13,0.74,7J4VXP24+
5/21/2021 15:07,12.952388,77.706482,9,False,16279793,3072,86,22,86,13706,3880,14,0.69,7J4VXP24+
5/21/2021 15:07,12.952752,77.707298,21,False,16279895,3072,72,26,31,13766,3880,14,0.69,7J4VXP34+
5/21/2021 15:07,12.953132,77.707413,8,False,16279895,3072,72,26,28,13691,3880,14,0.7,7J4VXP34+
5/21/2021 15:07,12.953142,77.707962,11,False,16279995,3072,72,21,97,13676,3913,13,0.74,7J4VXP35+
5/21/2021 15:07,12.953032,77.708344,10,False,16279995,3072,72,23,103,13676,3924,13,0.74,7J4VXP35+
5/21/2021 15:07,12.953042,77.708534,5,False,16279995,3072,72,23,127,13646,3924,13,0.73,7J4VXP35+
5/21/2021 15:07,12.953032,77.709023,9,False,16280097,3072,72,21,109,13796,3891,13,0.74,7J4VXP35+
5/21/2021 15:07,12.953002,77.709297,8,False,16280097,3072,72,20,94,13646,3886,13,0.74,7J4VXP35+
5/21/2021 15:07,12.953012,77.709541,6,False,16280197,3072,108,20,94,13646,3886,13,0.73,7J4VXP35+
5/21/2021 15:07,12.953023,77.709579,0,False,16280197,3072,108,17,190,13497,3897,13,0.73,7J4VXP35+
5/21/2021 15:07,12.953033,77.709343,18,False,16280197,3072,108,19,269,13676,3918,11,0.84,7J4VXP35+
5/21/2021 15:07,12.953028,77.708839,13,False,16280197,3072,108,19,267,13676,3918,12,0.8,7J4VXP35+
5/21/2021 15:07,12.953048,77.708435,17,False,16280301,3072,72,19,263,13661,3918,12,0.8,7J4VXP35+
5/21/2021 15:07,12.953075,77.707954,17,False,16280301,3072,72,19,278,13646,3918,12,0.8,7J4VXP35+
5/21/2021 15:07,12.953162,77.707642,7,False,16280405,3072,72,15,298,13601,3891,12,0.8,7J4VXP35+
5/21/2021 15:07,12.953223,77.70742,12,False,16280405,3072,490,15,3,13572,3891,12,0.83,7J4VXP34+
5/21/2021 15:07,12.95369,77.707565,19,False,16280506,3072,490,27,15,13766,3880,12,0.83,7J4VXP35+
5/21/2021 15:07,12.954215,77.707588,14,False,16280506,3072,72,27,354,13766,3880,12,0.83,7J4VXP35+
5/21/2021 15:07,12.954505,77.707565,18,False,16280506,3072,72,25,350,13781,3902,13,0.77,7J4VXP35+
5/21/2021 15:07,12.955455,77.707527,17,False,16280710,3072,72,21,93,13736,3918,13,0.75,7J4VXP45+
5/21/2021 15:07,12.955397,77.708084,9,False,16280710,3072,492,21,95,13631,3918,12,0.83,7J4VXP45+
5/21/2021 15:07,12.955562,77.708336,17,False,16280811,3072,492,25,44,13766,3880,12,0.83,7J4VXP45+
5/21/2021 15:07,12.956148,77.708916,5,False,16280811,3072,72,29,21,13616,3907,13,0.75,7J4VXP45+
5/21/2021 15:07,12.956193,77.7089,0,False,16280911,3072,72,29,65,13646,3907,13,0.75,7J4VXP45+
5/21/2021 15:07,12.956227,77.708977,8,False,16280911,3072,72,31,113,13646,3902,13,0.77,7J4VXP45+
5/21/2021 15:07,12.947077,77.718285,5,False,16280911,3072,115,31,222,13616,3902,13,0.77,7J4VWPW9+
5/21/2021 15:09,12.932993,77.688393,52,False,16275623,3072,72,18,47,13691,3924,14,0.69,7J4VWMMQ+
5/21/2021 15:09,12.933977,77.689484,59,False,16275851,3072,115,18,47,13691,3924,14,0.69,7J4VWMMQ+
5/21/2021 15:09,12.93497,77.69059,59,False,16275966,3072,158,28,47,13736,3886,13,0.73,7J4VWMMR+
5/21/2021 15:09,12.936002,77.691704,58,False,16276181,3072,115,28,47,13661,3886,14,0.69,7J4VWMPR+
5/21/2021 15:09,12.936988,77.692734,53,False,16276295,3072,493,23,46,13661,3918,14,0.69,7J4VWMPV+
5/21/2021 15:09,12.937862,77.693489,42,False,16276499,3072,536,23,43,13557,3918,14,0.69,7J4VWMQV+
5/21/2021 15:09,12.938615,77.694313,42,False,16276609,3072,115,24,42,13751,3918,14,0.69,7J4VWMQV+
5/21/2021 15:09,12.939233,77.694878,21,False,16276713,3072,72,24,35,13527,3918,14,0.69,7J4VWMQV+
5/21/2021 15:09,12.939525,77.695396,28,False,16276713,3072,72,28,67,13706,3924,14,0.69,7J4VWMQW+
5/21/2021 15:09,12.94,77.695831,29,False,16276814,3072,72,28,30,13706,3924,14,0.69,7J4VWMQW+
5/21/2021 15:09,12.940482,77.696106,9,False,16276814,3072,72,23,39,13691,3880,14,0.69,7J4VWMRW+
5/21/2021 15:09,12.941063,77.696442,35,False,16276915,3072,72,23,30,13781,3880,14,0.69,7J4VWMRW+
5/21/2021 15:09,12.941757,77.696815,34,False,16277017,3072,72,31,29,13781,3891,13,0.73,7J4VWMRW+
5/21/2021 15:09,12.942437,77.697266,34,False,16277123,3072,72,31,29,13616,3891,14,0.69,7J4VWMRW+
5/21/2021 15:09,12.943317,77.697685,45,False,16277224,3072,72,27,21,13736,3902,14,0.69,7J4VWMVX+
5/21/2021 15:09,12.944187,77.698013,38,False,16277326,3072,72,27,21,13736,3902,14,0.69,7J4VWMVX+
5/21/2021 15:09,12.94507,77.698296,29,False,16277432,3072,72,29,21,13542,3891,13,0.73,7J4VWMWX+
5/21/2021 15:09,12.945765,77.698524,31,False,16277532,3072,72,29,14,13706,3891,13,0.73,7J4VWMWX+
5/21/2021 15:09,12.94667,77.698845,44,False,16277632,3072,72,23,18,13766,3918,14,0.69,7J4VWMWX+
5/21/2021 15:09,12.947722,77.699196,39,False,16277734,3072,72,23,17,13721,3918,14,0.69,7J4VWMXX+
5/21/2021 15:09,12.94869,77.699516,43,False,16277836,3072,72,20,14,13721,3880,13,0.73,7J4VWMXX+
5/21/2021 15:09,12.949545,77.699722,31,False,16277942,3072,79,20,20,13527,3880,10,0.93,7J4VWMXX+
5/21/2021 15:09,12.950132,77.70018,22,False,16278046,3072,93,31,98,13766,3929,12,0.77,7J4VXP22+
5/21/2021 15:09,12.949952,77.700928,27,False,16278147,3072,93,31,102,13721,3891,12,0.77,7J4VWPX2+
5/21/2021 15:09,12.949817,77.701256,10,False,16278248,3072,72,31,120,13796,3891,12,0.77,7J4VWPX2+
5/21/2021 15:09,12.949698,77.701805,25,False,16278248,3072,72,30,110,13826,3880,12,0.77,7J4VWPX2+
5/21/2021 15:09,12.949398,77.702354,11,False,16278352,3072,72,30,124,13706,3880,13,0.73,7J4VWPX2+
5/21/2021 15:09,12.949163,77.702774,15,False,16278352,3072,122,22,116,13706,3924,13,0.73,7J4VWPX3+
5/21/2021 15:09,12.948838,77.703468,33,False,16278467,3072,122,22,113,13841,3924,12,0.77,7J4VWPX3+
5/21/2021 15:09,12.948605,77.704117,19,False,16278571,3072,72,31,107,13691,3918,12,0.76,7J4VWPX3+
5/21/2021 15:09,12.9485,77.704437,21,False,16278571,3072,496,31,109,13766,3918,13,0.73,7J4VWPX3+
5/21/2021 15:09,12.948275,77.705574,19,False,16278672,3072,72,26,98,13811,3837,13,0.73,7J4VWPX4+
5/21/2021 15:09,12.948262,77.705986,17,False,16278774,3072,72,29,95,13811,3918,14,0.69,7J4VWPX4+
5/21/2021 15:09,12.948185,77.706818,21,False,16278876,3072,72,26,95,13676,3902,13,0.73,7J4VWPX4+
5/21/2021 15:09,12.948183,77.707283,19,False,16278876,3072,72,26,91,13826,3902,13,0.73,7J4VWPX4+
5/21/2021 15:09,12.948243,77.707993,10,False,16278978,3072,72,25,52,13841,3918,13,0.73,7J4VWPX5+
5/21/2021 15:09,12.948807,77.708015,5,False,16279078,3072,72,20,347,13601,3918,14,0.69,7J4VWPX5+
5/21/2021 15:09,12.948858,77.708328,22,False,16279078,3072,72,20,90,13751,3918,14,0.69,7J4VWPX5+
5/21/2021 15:09,12.948798,77.709068,9,False,16279179,3072,72,26,76,13676,3880,14,0.7,7J4VWPX5+
5/21/2021 15:09,12.94878,77.709198,0,False,16279179,3072,72,21,195,13646,3799,14,0.69,7J4VWPX5+
5/21/2021 15:09,12.948772,77.709106,6,False,16279179,3072,108,21,277,13646,3799,14,0.69,7J4VWPX5+
5/21/2021 15:09,12.948888,77.708366,26,False,16279281,3072,72,24,270,13736,3902,14,0.7,7J4VWPX5+
5/21/2021 15:10,12.948958,77.707962,12,False,16279281,3072,72,25,336,13736,3902,14,0.7,7J4VWPX5+
5/21/2021 15:10,12.949507,77.707664,20,False,16279384,3072,72,25,320,13766,3902,12,0.76,7J4VWPX5+
5/21/2021 15:10,12.950242,77.707039,19,False,16279485,3072,72,26,326,13766,3880,13,0.74,7J4VXP24+
5/21/2021 15:10,12.950618,77.706841,15,False,16279586,3072,72,31,341,13796,3880,13,0.74,7J4VXP24+
5/21/2021 15:10,12.951397,77.706573,20,False,16279688,3072,72,29,339,13751,3918,13,0.74,7J4VXP24+
5/21/2021 15:10,12.952038,77.706383,12,False,16279688,3072,86,29,337,13811,3918,13,0.74,7J4VXP24+
5/21/2021 15:10,12.952388,77.706482,9,False,16279793,3072,86,22,86,13706,3880,14,0.69,7J4VXP24+
5/21/2021 15:10,12.952752,77.707298,21,False,16279895,3072,72,26,31,13766,3880,14,0.69,7J4VXP34+
5/21/2021 15:10,12.953132,77.707413,8,False,16279895,3072,72,26,28,13691,3880,14,0.7,7J4VXP34+
5/21/2021 15:10,12.953142,77.707962,11,False,16279995,3072,72,21,97,13676,3913,13,0.74,7J4VXP35+
5/21/2021 15:10,12.953032,77.708344,10,False,16279995,3072,72,23,103,13676,3924,13,0.74,7J4VXP35+
5/21/2021 15:10,12.953042,77.708534,5,False,16279995,3072,72,23,127,13646,3924,13,0.73,7J4VXP35+
5/21/2021 15:10,12.953032,77.709023,9,False,16280097,3072,72,21,109,13796,3891,13,0.74,7J4VXP35+
5/21/2021 15:10,12.953002,77.709297,8,False,16280097,3072,72,20,94,13646,3886,13,0.74,7J4VXP35+
5/21/2021 15:10,12.953012,77.709541,6,False,16280197,3072,108,20,94,13646,3886,13,0.73,7J4VXP35+
5/21/2021 15:10,12.953023,77.709579,0,False,16280197,3072,108,17,190,13497,3897,13,0.73,7J4VXP35+
5/21/2021 15:10,12.953033,77.709343,18,False,16280197,3072,108,19,269,13676,3918,11,0.84,7J4VXP35+
5/21/2021 15:10,12.953028,77.708839,13,False,16280197,3072,108,19,267,13676,3918,12,0.8,7J4VXP35+
5/21/2021 15:10,12.953048,77.708435,17,False,16280301,3072,72,19,263,13661,3918,12,0.8,7J4VXP35+
5/21/2021 15:10,12.953075,77.707954,17,False,16280301,3072,72,19,278,13646,3918,12,0.8,7J4VXP35+
5/21/2021 15:10,12.953162,77.707642,7,False,16280405,3072,72,15,298,13601,3891,12,0.8,7J4VXP35+
5/21/2021 15:10,12.953223,77.70742,12,False,16280405,3072,490,15,3,13572,3891,12,0.83,7J4VXP34+
5/21/2021 15:10,12.95369,77.707565,19,False,16280506,3072,490,27,15,13766,3880,12,0.83,7J4VXP35+
5/21/2021 15:10,12.954215,77.707588,14,False,16280506,3072,72,27,354,13766,3880,12,0.83,7J4VXP35+
5/21/2021 15:10,12.954505,77.707565,18,False,16280506,3072,72,25,350,13781,3902,13,0.77,7J4VXP35+
5/21/2021 15:10,12.955455,77.707527,17,False,16280710,3072,72,21,93,13736,3918,13,0.75,7J4VXP45+
5/21/2021 15:10,12.955397,77.708084,9,False,16280710,3072,492,21,95,13631,3918,12,0.83,7J4VXP45+
5/21/2021 15:10,12.955562,77.708336,17,False,16280811,3072,492,25,44,13766,3880,12,0.83,7J4VXP45+
5/21/2021 15:10,12.955928,77.708725,20,False,16280811,3072,72,25,57,13706,3880,12,0.83,7J4VXP45+
5/21/2021 15:10,12.956148,77.708916,5,False,16280811,3072,72,29,21,13616,3907,13,0.75,7J4VXP45+
5/21/2021 15:10,12.956193,77.7089,0,False,16280911,3072,72,29,65,13646,3907,13,0.75,7J4VXP45+
5/21/2021 15:10,12.956227,77.708977,8,False,16280911,3072,72,31,113,13646,3902,13,0.77,7J4VXP45+
5/21/2021 15:10,12.947077,77.718285,5,False,16280911,3072,115,31,222,13616,3902,13,0.77,7J4VWPW9+
5/21/2021 15:13,12.932993,77.688393,52,False,16275623,3072,72,18,47,13691,3924,14,0.69,7J4VWMMQ+
5/21/2021 15:13,12.933977,77.689484,59,False,16275851,3072,115,18,47,13691,3924,14,0.69,7J4VWMMQ+
5/21/2021 15:13,12.93497,77.69059,59,False,16275966,3072,158,28,47,13736,3886,13,0.73,7J4VWMMR+
5/21/2021 15:13,12.936002,77.691704,58,False,16276181,3072,115,28,47,13661,3886,14,0.69,7J4VWMPR+
5/21/2021 15:13,12.936988,77.692734,53,False,16276295,3072,493,23,46,13661,3918,14,0.69,7J4VWMPV+
5/21/2021 15:13,12.937862,77.693489,42,False,16276499,3072,536,23,43,13557,3918,14,0.69,7J4VWMQV+
5/21/2021 15:13,12.938615,77.694313,42,False,16276609,3072,115,24,42,13751,3918,14,0.69,7J4VWMQV+
5/21/2021 15:13,12.939233,77.694878,21,False,16276713,3072,72,24,35,13527,3918,14,0.69,7J4VWMQV+
5/21/2021 15:13,12.939525,77.695396,28,False,16276713,3072,72,28,67,13706,3924,14,0.69,7J4VWMQW+
5/21/2021 15:13,12.94,77.695831,29,False,16276814,3072,72,28,30,13706,3924,14,0.69,7J4VWMQW+
5/21/2021 15:13,12.940482,77.696106,9,False,16276814,3072,72,23,39,13691,3880,14,0.69,7J4VWMRW+
5/21/2021 15:13,12.941063,77.696442,35,False,16276915,3072,72,23,30,13781,3880,14,0.69,7J4VWMRW+
5/21/2021 15:13,12.941757,77.696815,34,False,16277017,3072,72,31,29,13781,3891,13,0.73,7J4VWMRW+
5/21/2021 15:13,12.942437,77.697266,34,False,16277123,3072,72,31,29,13616,3891,14,0.69,7J4VWMRW+
5/21/2021 15:13,12.943317,77.697685,45,False,16277224,3072,72,27,21,13736,3902,14,0.69,7J4VWMVX+
5/21/2021 15:13,12.944187,77.698013,38,False,16277326,3072,72,27,21,13736,3902,14,0.69,7J4VWMVX+
5/21/2021 15:13,12.94507,77.698296,29,False,16277432,3072,72,29,21,13542,3891,13,0.73,7J4VWMWX+
5/21/2021 15:13,12.945765,77.698524,31,False,16277532,3072,72,29,14,13706,3891,13,0.73,7J4VWMWX+
5/21/2021 15:13,12.94667,77.698845,44,False,16277632,3072,72,23,18,13766,3918,14,0.69,7J4VWMWX+
5/21/2021 15:13,12.947722,77.699196,39,False,16277734,3072,72,23,17,13721,3918,14,0.69,7J4VWMXX+
5/21/2021 15:13,12.94869,77.699516,43,False,16277836,3072,72,20,14,13721,3880,13,0.73,7J4VWMXX+
5/21/2021 15:13,12.949545,77.699722,31,False,16277942,3072,79,20,20,13527,3880,10,0.93,7J4VWMXX+
5/21/2021 15:13,12.950132,77.70018,22,False,16278046,3072,93,31,98,13766,3929,12,0.77,7J4VXP22+
5/21/2021 15:13,12.949952,77.700928,27,False,16278147,3072,93,31,102,13721,3891,12,0.77,7J4VWPX2+
5/21/2021 15:13,12.949817,77.701256,10,False,16278248,3072,72,31,120,13796,3891,12,0.77,7J4VWPX2+
5/21/2021 15:13,12.949698,77.701805,25,False,16278248,3072,72,30,110,13826,3880,12,0.77,7J4VWPX2+
5/21/2021 15:13,12.949398,77.702354,11,False,16278352,3072,72,30,124,13706,3880,13,0.73,7J4VWPX2+
5/21/2021 15:13,12.949163,77.702774,15,False,16278352,3072,122,22,116,13706,3924,13,0.73,7J4VWPX3+
5/21/2021 15:13,12.948838,77.703468,33,False,16278467,3072,122,22,113,13841,3924,12,0.77,7J4VWPX3+
5/21/2021 15:14,12.948605,77.704117,19,False,16278571,3072,72,31,107,13691,3918,12,0.76,7J4VWPX3+
5/21/2021 15:14,12.9485,77.704437,21,False,16278571,3072,496,31,109,13766,3918,13,0.73,7J4VWPX3+
5/21/2021 15:14,12.948275,77.705574,19,False,16278672,3072,72,26,98,13811,3837,13,0.73,7J4VWPX4+
5/21/2021 15:14,12.948262,77.705986,17,False,16278774,3072,72,29,95,13811,3918,14,0.69,7J4VWPX4+
5/21/2021 15:14,12.948185,77.706818,21,False,16278876,3072,72,26,95,13676,3902,13,0.73,7J4VWPX4+
5/21/2021 15:14,12.948183,77.707283,19,False,16278876,3072,72,26,91,13826,3902,13,0.73,7J4VWPX4+
5/21/2021 15:14,12.948243,77.707993,10,False,16278978,3072,72,25,52,13841,3918,13,0.73,7J4VWPX5+
5/21/2021 15:14,12.948807,77.708015,5,False,16279078,3072,72,20,347,13601,3918,14,0.69,7J4VWPX5+
5/21/2021 15:14,12.948858,77.708328,22,False,16279078,3072,72,20,90,13751,3918,14,0.69,7J4VWPX5+
5/21/2021 15:14,12.948798,77.709068,9,False,16279179,3072,72,26,76,13676,3880,14,0.7,7J4VWPX5+
5/21/2021 15:14,12.94878,77.709198,0,False,16279179,3072,72,21,195,13646,3799,14,0.69,7J4VWPX5+
5/21/2021 15:14,12.948772,77.709106,6,False,16279179,3072,108,21,277,13646,3799,14,0.69,7J4VWPX5+
5/21/2021 15:14,12.948888,77.708366,26,False,16279281,3072,72,24,270,13736,3902,14,0.7,7J4VWPX5+
5/21/2021 15:14,12.948958,77.707962,12,False,16279281,3072,72,25,336,13736,3902,14,0.7,7J4VWPX5+
5/21/2021 15:14,12.949507,77.707664,20,False,16279384,3072,72,25,320,13766,3902,12,0.76,7J4VWPX5+
5/21/2021 15:14,12.950242,77.707039,19,False,16279485,3072,72,26,326,13766,3880,13,0.74,7J4VXP24+
5/21/2021 15:14,12.950618,77.706841,15,False,16279586,3072,72,31,341,13796,3880,13,0.74,7J4VXP24+
5/21/2021 15:14,12.951397,77.706573,20,False,16279688,3072,72,29,339,13751,3918,13,0.74,7J4VXP24+
5/21/2021 15:14,12.952038,77.706383,12,False,16279688,3072,86,29,337,13811,3918,13,0.74,7J4VXP24+
5/21/2021 15:14,12.952388,77.706482,9,False,16279793,3072,86,22,86,13706,3880,14,0.69,7J4VXP24+
5/21/2021 15:14,12.952752,77.707298,21,False,16279895,3072,72,26,31,13766,3880,14,0.69,7J4VXP34+
5/21/2021 15:14,12.953132,77.707413,8,False,16279895,3072,72,26,28,13691,3880,14,0.7,7J4VXP34+
5/21/2021 15:14,12.953142,77.707962,11,False,16279995,3072,72,21,97,13676,3913,13,0.74,7J4VXP35+
5/21/2021 15:14,12.953032,77.708344,10,False,16279995,3072,72,23,103,13676,3924,13,0.74,7J4VXP35+
5/21/2021 15:14,12.953042,77.708534,5,False,16279995,3072,72,23,127,13646,3924,13,0.73,7J4VXP35+
5/21/2021 15:14,12.953032,77.709023,9,False,16280097,3072,72,21,109,13796,3891,13,0.74,7J4VXP35+
5/21/2021 15:14,12.953002,77.709297,8,False,16280097,3072,72,20,94,13646,3886,13,0.74,7J4VXP35+
5/21/2021 15:14,12.953012,77.709541,6,False,16280197,3072,108,20,94,13646,3886,13,0.73,7J4VXP35+
5/21/2021 15:14,12.953023,77.709579,0,False,16280197,3072,108,17,190,13497,3897,13,0.73,7J4VXP35+
5/21/2021 15:14,12.953033,77.709343,18,False,16280197,3072,108,19,269,13676,3918,11,0.84,7J4VXP35+
5/21/2021 15:14,12.953028,77.708839,13,False,16280197,3072,108,19,267,13676,3918,12,0.8,7J4VXP35+
5/21/2021 15:14,12.953048,77.708435,17,False,16280301,3072,72,19,263,13661,3918,12,0.8,7J4VXP35+
5/21/2021 15:14,12.953075,77.707954,17,False,16280301,3072,72,19,278,13646,3918,12,0.8,7J4VXP35+
5/21/2021 15:14,12.953162,77.707642,7,False,16280405,3072,72,15,298,13601,3891,12,0.8,7J4VXP35+
5/21/2021 15:14,12.953223,77.70742,12,False,16280405,3072,490,15,3,13572,3891,12,0.83,7J4VXP34+
5/21/2021 15:14,12.95369,77.707565,19,False,16280506,3072,490,27,15,13766,3880,12,0.83,7J4VXP35+
5/21/2021 15:14,12.954215,77.707588,14,False,16280506,3072,72,27,354,13766,3880,12,0.83,7J4VXP35+
5/21/2021 15:14,12.954505,77.707565,18,False,16280506,3072,72,25,350,13781,3902,13,0.77,7J4VXP35+
5/21/2021 15:14,12.955455,77.707527,17,False,16280710,3072,72,21,93,13736,3918,13,0.75,7J4VXP45+
5/21/2021 15:14,12.955397,77.708084,9,False,16280710,3072,492,21,95,13631,3918,12,0.83,7J4VXP45+
5/21/2021 15:14,12.955562,77.708336,17,False,16280811,3072,492,25,44,13766,3880,12,0.83,7J4VXP45+
5/21/2021 15:14,12.956148,77.708916,5,False,16280811,3072,72,29,21,13616,3907,13,0.75,7J4VXP45+
5/21/2021 15:14,12.956193,77.7089,0,False,16280911,3072,72,29,65,13646,3907,13,0.75,7J4VXP45+
5/21/2021 15:14,12.956227,77.708977,8,False,16280911,3072,72,31,113,13646,3902,13,0.77,7J4VXP45+
5/21/2021 15:14,12.947077,77.718285,5,False,16280911,3072,115,31,222,13616,3902,13,0.77,7J4VWPW9+
5/21/2021 15:27,12.932993,77.688393,52,False,16275623,3072,72,18,47,13691,3924,14,0.69,7J4VWMMQ+
5/21/2021 15:27,12.933977,77.689484,59,False,16275851,3072,115,18,47,13691,3924,14,0.69,7J4VWMMQ+
5/21/2021 15:27,12.93497,77.69059,59,False,16275966,3072,158,28,47,13736,3886,13,0.73,7J4VWMMR+
5/21/2021 15:27,12.936002,77.691704,58,False,16276181,3072,115,28,47,13661,3886,14,0.69,7J4VWMPR+
5/21/2021 15:27,12.936988,77.692734,53,False,16276295,3072,493,23,46,13661,3918,14,0.69,7J4VWMPV+
5/21/2021 15:27,12.937862,77.693489,42,False,16276499,3072,536,23,43,13557,3918,14,0.69,7J4VWMQV+
5/21/2021 15:27,12.938615,77.694313,42,False,16276609,3072,115,24,42,13751,3918,14,0.69,7J4VWMQV+
5/21/2021 15:27,12.939233,77.694878,21,False,16276713,3072,72,24,35,13527,3918,14,0.69,7J4VWMQV+
5/21/2021 15:27,12.939525,77.695396,28,False,16276713,3072,72,28,67,13706,3924,14,0.69,7J4VWMQW+
5/21/2021 15:27,12.94,77.695831,29,False,16276814,3072,72,28,30,13706,3924,14,0.69,7J4VWMQW+
5/21/2021 15:27,12.940482,77.696106,9,False,16276814,3072,72,23,39,13691,3880,14,0.69,7J4VWMRW+
5/21/2021 15:27,12.941063,77.696442,35,False,16276915,3072,72,23,30,13781,3880,14,0.69,7J4VWMRW+
5/21/2021 15:27,12.941757,77.696815,34,False,16277017,3072,72,31,29,13781,3891,13,0.73,7J4VWMRW+
5/21/2021 15:27,12.942437,77.697266,34,False,16277123,3072,72,31,29,13616,3891,14,0.69,7J4VWMRW+
5/21/2021 15:27,12.943317,77.697685,45,False,16277224,3072,72,27,21,13736,3902,14,0.69,7J4VWMVX+
5/21/2021 15:27,12.944187,77.698013,38,False,16277326,3072,72,27,21,13736,3902,14,0.69,7J4VWMVX+
5/21/2021 15:27,12.94507,77.698296,29,False,16277432,3072,72,29,21,13542,3891,13,0.73,7J4VWMWX+
5/21/2021 15:27,12.945765,77.698524,31,False,16277532,3072,72,29,14,13706,3891,13,0.73,7J4VWMWX+
5/21/2021 15:27,12.94667,77.698845,44,False,16277632,3072,72,23,18,13766,3918,14,0.69,7J4VWMWX+
5/21/2021 15:27,12.947722,77.699196,39,False,16277734,3072,72,23,17,13721,3918,14,0.69,7J4VWMXX+
5/21/2021 15:27,12.94869,77.699516,43,False,16277836,3072,72,20,14,13721,3880,13,0.73,7J4VWMXX+
5/21/2021 15:27,12.949545,77.699722,31,False,16277942,3072,79,20,20,13527,3880,10,0.93,7J4VWMXX+
5/21/2021 15:27,12.950132,77.70018,22,False,16278046,3072,93,31,98,13766,3929,12,0.77,7J4VXP22+
5/21/2021 15:27,12.949952,77.700928,27,False,16278147,3072,93,31,102,13721,3891,12,0.77,7J4VWPX2+
5/21/2021 15:27,12.949817,77.701256,10,False,16278248,3072,72,31,120,13796,3891,12,0.77,7J4VWPX2+
5/21/2021 15:27,12.949698,77.701805,25,False,16278248,3072,72,30,110,13826,3880,12,0.77,7J4VWPX2+
5/21/2021 15:27,12.949398,77.702354,11,False,16278352,3072,72,30,124,13706,3880,13,0.73,7J4VWPX2+
5/21/2021 15:27,12.949163,77.702774,15,False,16278352,3072,122,22,116,13706,3924,13,0.73,7J4VWPX3+
5/21/2021 15:27,12.948838,77.703468,33,False,16278467,3072,122,22,113,13841,3924,12,0.77,7J4VWPX3+
5/21/2021 15:27,12.948605,77.704117,19,False,16278571,3072,72,31,107,13691,3918,12,0.76,7J4VWPX3+
5/21/2021 15:27,12.9485,77.704437,21,False,16278571,3072,496,31,109,13766,3918,13,0.73,7J4VWPX3+
5/21/2021 15:27,12.948275,77.705574,19,False,16278672,3072,72,26,98,13811,3837,13,0.73,7J4VWPX4+
5/21/2021 15:27,12.948262,77.705986,17,False,16278774,3072,72,29,95,13811,3918,14,0.69,7J4VWPX4+
5/21/2021 15:27,12.948185,77.706818,21,False,16278876,3072,72,26,95,13676,3902,13,0.73,7J4VWPX4+
5/21/2021 15:28,12.948183,77.707283,19,False,16278876,3072,72,26,91,13826,3902,13,0.73,7J4VWPX4+
5/21/2021 15:28,12.948243,77.707993,10,False,16278978,3072,72,25,52,13841,3918,13,0.73,7J4VWPX5+
5/21/2021 15:28,12.948807,77.708015,5,False,16279078,3072,72,20,347,13601,3918,14,0.69,7J4VWPX5+
5/21/2021 15:28,12.948858,77.708328,22,False,16279078,3072,72,20,90,13751,3918,14,0.69,7J4VWPX5+
5/21/2021 15:28,12.948798,77.709068,9,False,16279179,3072,72,26,76,13676,3880,14,0.7,7J4VWPX5+
5/21/2021 15:28,12.94878,77.709198,0,False,16279179,3072,72,21,195,13646,3799,14,0.69,7J4VWPX5+
5/21/2021 15:28,12.948772,77.709106,6,False,16279179,3072,108,21,277,13646,3799,14,0.69,7J4VWPX5+
5/21/2021 15:28,12.948888,77.708366,26,False,16279281,3072,72,24,270,13736,3902,14,0.7,7J4VWPX5+
5/21/2021 15:28,12.948958,77.707962,12,False,16279281,3072,72,25,336,13736,3902,14,0.7,7J4VWPX5+
5/21/2021 15:28,12.949507,77.707664,20,False,16279384,3072,72,25,320,13766,3902,12,0.76,7J4VWPX5+
5/21/2021 15:28,12.950242,77.707039,19,False,16279485,3072,72,26,326,13766,3880,13,0.74,7J4VXP24+
5/21/2021 15:28,12.950618,77.706841,15,False,16279586,3072,72,31,341,13796,3880,13,0.74,7J4VXP24+
5/21/2021 15:28,12.951397,77.706573,20,False,16279688,3072,72,29,339,13751,3918,13,0.74,7J4VXP24+
5/21/2021 15:28,12.952038,77.706383,12,False,16279688,3072,86,29,337,13811,3918,13,0.74,7J4VXP24+
5/21/2021 15:28,12.952388,77.706482,9,False,16279793,3072,86,22,86,13706,3880,14,0.69,7J4VXP24+
5/21/2021 15:28,12.952752,77.707298,21,False,16279895,3072,72,26,31,13766,3880,14,0.69,7J4VXP34+
5/21/2021 15:28,12.953132,77.707413,8,False,16279895,3072,72,26,28,13691,3880,14,0.7,7J4VXP34+
5/21/2021 15:28,12.953142,77.707962,11,False,16279995,3072,72,21,97,13676,3913,13,0.74,7J4VXP35+
5/21/2021 15:28,12.953032,77.708344,10,False,16279995,3072,72,23,103,13676,3924,13,0.74,7J4VXP35+
5/21/2021 15:28,12.953042,77.708534,5,False,16279995,3072,72,23,127,13646,3924,13,0.73,7J4VXP35+
5/21/2021 15:28,12.953032,77.709023,9,False,16280097,3072,72,21,109,13796,3891,13,0.74,7J4VXP35+
5/21/2021 15:28,12.953002,77.709297,8,False,16280097,3072,72,20,94,13646,3886,13,0.74,7J4VXP35+
5/21/2021 15:28,12.953012,77.709541,6,False,16280197,3072,108,20,94,13646,3886,13,0.73,7J4VXP35+
5/21/2021 15:28,12.953023,77.709579,0,False,16280197,3072,108,17,190,13497,3897,13,0.73,7J4VXP35+
5/21/2021 15:28,12.953033,77.709343,18,False,16280197,3072,108,19,269,13676,3918,11,0.84,7J4VXP35+
5/21/2021 15:28,12.953028,77.708839,13,False,16280197,3072,108,19,267,13676,3918,12,0.8,7J4VXP35+
5/21/2021 15:28,12.953048,77.708435,17,False,16280301,3072,72,19,263,13661,3918,12,0.8,7J4VXP35+
5/21/2021 15:28,12.953075,77.707954,17,False,16280301,3072,72,19,278,13646,3918,12,0.8,7J4VXP35+
5/21/2021 15:28,12.953162,77.707642,7,False,16280405,3072,72,15,298,13601,3891,12,0.8,7J4VXP35+
5/21/2021 15:28,12.953223,77.70742,12,False,16280405,3072,490,15,3,13572,3891,12,0.83,7J4VXP34+
5/21/2021 15:28,12.95369,77.707565,19,False,16280506,3072,490,27,15,13766,3880,12,0.83,7J4VXP35+
5/21/2021 15:28,12.954215,77.707588,14,False,16280506,3072,72,27,354,13766,3880,12,0.83,7J4VXP35+
5/21/2021 15:28,12.954505,77.707565,18,False,16280506,3072,72,25,350,13781,3902,13,0.77,7J4VXP35+
5/21/2021 15:28,12.955455,77.707527,17,False,16280710,3072,72,21,93,13736,3918,13,0.75,7J4VXP45+
5/21/2021 15:28,12.955397,77.708084,9,False,16280710,3072,492,21,95,13631,3918,12,0.83,7J4VXP45+
5/21/2021 15:28,12.955562,77.708336,17,False,16280811,3072,492,25,44,13766,3880,12,0.83,7J4VXP45+
5/21/2021 15:28,12.956148,77.708916,5,False,16280811,3072,72,29,21,13616,3907,13,0.75,7J4VXP45+
5/21/2021 15:28,12.956193,77.7089,0,False,16280911,3072,72,29,65,13646,3907,13,0.75,7J4VXP45+
5/21/2021 15:28,12.956227,77.708977,8,False,16280911,3072,72,31,113,13646,3902,13,0.77,7J4VXP45+
5/21/2021 15:28,12.947077,77.718285,5,False,16280911,3072,115,31,222,13616,3902,13,0.77,7J4VWPW9+
5/21/2021 15:29,12.974622,77.548096,3,False,57372,12288,21,21,234,14018,4036,9,0.89,7J4VXGFX+
5/21/2021 15:29,12.974385,77.547897,3,False,57372,4096,21,21,231,13932,4014,10,0.95,7J4VXGFX+
5/21/2021 15:29,12.974005,77.546776,1,False,57583,4096,21,25,270,13996,4003,11,0.82,7J4VXGFW+
5/21/2021 15:29,12.974002,77.546089,2,False,57583,4096,21,31,288,13869,4025,11,0.81,7J4VXGFW+
5/21/2021 15:29,12.974195,77.545662,1,False,57685,12288,28,30,271,14060,4014,10,0.84,7J4VXGFW+
5/21/2021 15:29,12.974232,77.54525,2,False,57685,4096,21,20,278,13720,4014,10,0.84,7J4VXGFW+
5/21/2021 15:29,12.974238,77.545135,2,False,57685,4096,21,23,289,13932,4031,11,0.81,7J4VXGFW+
5/21/2021 15:29,12.974228,77.54512,2,False,57785,4096,21,23,289,13571,4020,10,0.84,7J4VXGFW+
5/21/2021 15:29,12.97424,77.545113,2,False,57785,4096,28,20,289,13698,4020,10,0.84,7J4VXGFW+
5/21/2021 15:29,12.974233,77.545097,2,False,57785,4096,28,20,266,13932,3970,10,0.84,7J4VXGFW+
5/21/2021 15:29,12.974183,77.544716,2,False,57785,12288,14,25,272,13911,3975,10,0.85,7J4VXGFV+
5/21/2021 15:29,12.974137,77.543991,1,False,57895,4096,14,31,264,14060,3975,10,0.85,7J4VXGFV+
5/21/2021 15:29,12.974035,77.543243,2,False,57998,4096,21,27,261,14060,4025,11,0.83,7J4VXGFV+
5/21/2021 15:29,12.973895,77.542458,2,False,57998,4096,21,18,258,13996,3975,11,0.83,7J4VXGFR+
5/21/2021 15:29,12.973712,77.541786,1,False,58100,4096,21,18,258,14081,3981,11,0.81,7J4VXGFR+
5/21/2021 15:29,12.973528,77.54071,1,False,58205,4096,21,20,257,13869,4014,10,0.85,7J4VXGFR+
5/21/2021 15:29,12.973297,77.539772,1,False,58312,12288,28,20,256,13954,4020,10,0.85,7J4VXGFQ+
5/21/2021 15:29,12.973198,77.539391,2,False,58414,4096,21,26,280,13826,4020,10,0.84,7J4VXGFQ+
5/21/2021 15:29,12.972655,77.539604,2,False,58414,4096,28,26,255,13698,4020,10,0.84,7J4VXGFQ+
5/21/2021 15:29,12.972279,77.540688,3,False,58414,4096,28,28,241,13826,4031,10,0.85,7J4VXGCR+
5/21/2021 15:29,12.971422,77.540642,2,False,58521,4096,14,28,227,13826,4020,10,0.85,7J4VXGCR+
5/21/2021 15:29,12.970449,77.540298,2,False,58521,12288,8,28,211,13783,4020,10,0.85,7J4VXGCR+
5/21/2021 15:29,12.970669,77.538712,3,False,58623,4096,14,29,199,14060,4025,10,0.85,7J4VXGCQ+
5/21/2021 15:30,12.974622,77.548096,3,False,57372,12288,21,21,234,14018,4036,9,0.89,7J4VXGFX+
5/21/2021 15:30,12.974385,77.547897,3,False,57372,4096,21,21,231,13932,4014,10,0.95,7J4VXGFX+
5/21/2021 15:30,12.974005,77.546776,1,False,57583,4096,21,25,270,13996,4003,11,0.82,7J4VXGFW+
5/21/2021 15:30,12.974002,77.546089,2,False,57583,4096,21,31,288,13869,4025,11,0.81,7J4VXGFW+
5/21/2021 15:30,12.974195,77.545662,1,False,57685,12288,28,30,271,14060,4014,10,0.84,7J4VXGFW+
5/21/2021 15:30,12.974232,77.54525,2,False,57685,4096,21,20,278,13720,4014,10,0.84,7J4VXGFW+
5/21/2021 15:30,12.974238,77.545135,2,False,57685,4096,21,23,289,13932,4031,11,0.81,7J4VXGFW+
5/21/2021 15:30,12.974228,77.54512,2,False,57785,4096,21,23,289,13571,4020,10,0.84,7J4VXGFW+
5/21/2021 15:30,12.97424,77.545113,2,False,57785,4096,28,20,289,13698,4020,10,0.84,7J4VXGFW+
5/21/2021 15:30,12.974233,77.545097,2,False,57785,4096,28,20,266,13932,3970,10,0.84,7J4VXGFW+
5/21/2021 15:30,12.974183,77.544716,2,False,57785,12288,14,25,272,13911,3975,10,0.85,7J4VXGFV+
5/21/2021 15:30,12.974137,77.543991,1,False,57895,4096,14,31,264,14060,3975,10,0.85,7J4VXGFV+
5/21/2021 15:31,12.974035,77.543243,2,False,57998,4096,21,27,261,14060,4025,11,0.83,7J4VXGFV+
5/21/2021 15:31,12.973895,77.542458,2,False,57998,4096,21,18,258,13996,3975,11,0.83,7J4VXGFR+
5/21/2021 15:31,12.973712,77.541786,1,False,58100,4096,21,18,258,14081,3981,11,0.81,7J4VXGFR+
5/21/2021 15:31,12.973528,77.54071,1,False,58205,4096,21,20,257,13869,4014,10,0.85,7J4VXGFR+
5/21/2021 15:31,12.973297,77.539772,1,False,58312,12288,28,20,256,13954,4020,10,0.85,7J4VXGFQ+
5/21/2021 15:31,12.973198,77.539391,2,False,58414,4096,21,26,280,13826,4020,10,0.84,7J4VXGFQ+
5/21/2021 15:31,12.972655,77.539604,2,False,58414,4096,28,26,255,13698,4020,10,0.84,7J4VXGFQ+
5/21/2021 15:31,12.972279,77.540688,3,False,58414,4096,28,28,241,13826,4031,10,0.85,7J4VXGCR+
5/21/2021 15:31,12.971422,77.540642,2,False,58521,4096,14,28,227,13826,4020,10,0.85,7J4VXGCR+
5/21/2021 15:31,12.970449,77.540298,2,False,58521,12288,8,28,211,13783,4020,10,0.85,7J4VXGCR+
5/21/2021 15:31,12.970669,77.538712,3,False,58623,4096,14,29,199,14060,4025,10,0.85,7J4VXGCQ+
5/21/2021 15:32,12.974622,77.548096,60,False,57372,3072,21,21,234,14018,10,9,0.89,7J4VXGFX+
5/21/2021 15:32,12.974385,77.547897,60,False,57372,3072,21,21,231,12000,20,10,0.95,7J4VXGFX+
5/21/2021 15:32,12.974005,77.546776,62,False,57583,3072,21,25,270,12002,4003,11,0.82,7J4VXGFW+
5/21/2021 15:32,12.974002,77.546089,64,False,57583,3072,21,31,288,12003,4025,11,0.81,7J4VXGFW+
5/21/2021 15:32,12.974195,77.545662,66,False,57685,3072,28,30,271,14000,4014,10,0.84,7J4VXGFW+
5/21/2021 15:32,12.974232,77.54525,60,False,57685,3072,21,20,278,12004,4014,10,0.84,7J4VXGFW+
5/21/2021 15:32,12.974238,77.545135,50,False,57685,3072,21,23,289,12005,4031,11,0.81,7J4VXGFW+
5/21/2021 15:32,12.974228,77.54512,50,False,57785,3072,21,23,289,12006,4020,10,0.84,7J4VXGFW+
5/21/2021 15:32,12.97424,77.545113,50,False,57785,3072,28,20,289,12007,4020,10,0.84,7J4VXGFW+
5/21/2021 15:32,12.974233,77.545097,50,False,57785,3072,28,20,266,16932,12,10,0.84,7J4VXGFW+
5/21/2021 15:32,12.974183,77.544716,68,False,57785,3072,14,25,272,12008,3975,10,0.85,7J4VXGFV+
5/21/2021 15:32,12.974137,77.543991,55,False,57895,3072,14,31,264,14060,3975,10,0.85,7J4VXGFV+
5/21/2021 15:32,12.974035,77.543243,51,False,57998,3072,21,27,261,14060,18,11,0.83,7J4VXGFV+
5/21/2021 15:32,12.973895,77.542458,60,False,57998,3072,21,18,258,12009,3975,11,0.83,7J4VXGFR+
5/21/2021 15:32,12.973712,77.541786,56,False,58100,3072,21,18,258,14081,3981,11,0.81,7J4VXGFR+
5/21/2021 15:34,12.974622,77.548096,60,False,57372,3072,21,21,234,14018,10,9,0.89,7J4VXGFX+
5/21/2021 15:34,12.974385,77.547897,60,False,57372,3072,21,21,231,12000,20,10,0.95,7J4VXGFX+
5/21/2021 15:34,12.974005,77.546776,62,False,57583,3072,21,25,270,12002,4003,11,0.82,7J4VXGFW+
5/21/2021 15:34,12.974002,77.546089,64,False,57583,3072,21,31,288,12003,4025,11,0.81,7J4VXGFW+
5/21/2021 15:34,12.974195,77.545662,66,False,57685,3072,28,30,271,14000,4014,10,0.84,7J4VXGFW+
5/21/2021 15:34,12.974232,77.54525,60,False,57685,3072,21,20,278,12004,4014,10,0.84,7J4VXGFW+
5/21/2021 15:35,12.974238,77.545135,50,False,57685,3072,21,23,289,12005,4031,11,0.81,7J4VXGFW+
5/21/2021 15:35,12.974228,77.54512,50,False,57785,3072,21,23,289,12006,4020,10,0.84,7J4VXGFW+
5/21/2021 15:35,12.97424,77.545113,50,False,57785,3072,28,20,289,12007,4020,10,0.84,7J4VXGFW+
5/21/2021 15:35,12.974233,77.545097,50,False,57785,3072,28,20,266,16932,12,10,0.84,7J4VXGFW+
5/21/2021 15:35,12.974183,77.544716,68,False,57785,3072,14,25,272,12008,3975,10,0.85,7J4VXGFV+
5/21/2021 15:35,12.974137,77.543991,55,False,57895,3072,14,31,264,14060,3975,10,0.85,7J4VXGFV+
5/21/2021 15:35,12.974035,77.543243,51,False,57998,3072,21,27,261,14060,18,11,0.83,7J4VXGFV+
5/21/2021 15:35,12.973895,77.542458,60,False,57998,3072,21,18,258,12009,3975,11,0.83,7J4VXGFR+
5/21/2021 15:35,12.973712,77.541786,56,False,58100,3072,21,18,258,14081,3981,11,0.81,7J4VXGFR+
5/21/2021 15:38,12.974622,77.548096,60,False,57372,3200,21,21,234,14018,4036,9,0.89,7J4VXGFX+
5/21/2021 15:38,12.974385,77.547897,60,False,57372,3200,21,21,231,13932,4014,10,0.95,7J4VXGFX+
5/21/2021 15:38,12.974005,77.546776,62,False,57583,3200,21,25,270,13996,4003,11,0.82,7J4VXGFW+
5/21/2021 15:38,12.974002,77.546089,64,False,57583,3072,21,31,288,13869,4025,11,0.81,7J4VXGFW+
5/21/2021 15:38,12.974195,77.545662,66,False,57685,3200,28,30,271,14060,4014,10,0.84,7J4VXGFW+
5/21/2021 15:38,12.974232,77.54525,60,False,57685,3200,21,20,278,13720,4014,10,0.84,7J4VXGFW+
5/21/2021 15:38,12.974238,77.545135,50,False,57685,3200,21,23,289,13932,6000,11,0.81,7J4VXGFW+
5/21/2021 15:38,12.974228,77.54512,50,False,57785,3200,21,23,289,13571,4020,10,0.84,7J4VXGFW+
5/21/2021 15:38,12.97424,77.545113,50,False,57785,3072,28,20,289,13698,4020,10,0.84,7J4VXGFW+
5/21/2021 15:38,12.974233,77.545097,50,False,57785,3200,28,20,266,13932,3970,10,0.84,7J4VXGFW+
5/21/2021 15:38,12.974183,77.544716,68,False,57785,3072,14,25,272,13911,3975,10,0.85,7J4VXGFV+
5/21/2021 15:38,12.974137,77.543991,55,False,57895,3200,14,31,264,14060,3975,10,0.85,7J4VXGFV+
5/21/2021 15:38,12.974035,77.543243,51,False,57998,3200,21,27,261,14060,4025,11,0.83,7J4VXGFV+
5/21/2021 15:38,12.973895,77.542458,60,False,57998,3200,21,18,258,13996,3975,11,0.83,7J4VXGFR+
5/21/2021 15:38,12.973712,77.541786,56,False,58100,3072,21,18,258,14081,3981,11,0.81,7J4VXGFR+
5/21/2021 15:39,12.974622,77.548096,0,False,57372,4096,21,2,234,14018,4036,9,0.89,7J4VXGFX+
5/21/2021 15:39,12.974622,77.548096,0,False,57372,4096,21,2,231,13932,4014,10,0.95,7J4VXGFX+
5/21/2021 15:39,12.974622,77.548096,0,False,57583,4096,21,2,270,13996,4003,11,0.82,7J4VXGFX+
5/21/2021 15:39,12.974622,77.548096,0,False,57583,4096,21,1,288,13869,4025,11,0.81,7J4VXGFX+
5/21/2021 15:39,12.974622,77.548096,0,False,57685,4096,28,30,271,14060,4014,10,0.84,7J4VXGFX+
5/21/2021 15:39,12.974622,77.548096,0,False,57685,4096,21,20,278,13720,4014,10,0.84,7J4VXGFX+
5/21/2021 15:39,12.974622,77.548096,0,False,57685,4096,21,23,289,13932,4031,11,0.81,7J4VXGFX+
5/21/2021 15:39,12.974622,77.548096,0,False,57785,4096,21,23,289,13571,4020,10,0.84,7J4VXGFX+
5/21/2021 15:39,12.974622,77.548096,0,False,57785,4096,28,20,289,13698,4020,10,0.84,7J4VXGFX+
5/21/2021 15:39,12.974622,77.548096,0,False,57785,4096,28,20,266,13932,3970,10,0.84,7J4VXGFX+
5/21/2021 15:39,12.974622,77.548096,0,False,57785,4096,14,25,272,13911,3975,10,0.85,7J4VXGFX+
5/21/2021 15:39,12.974622,77.548096,0,False,57895,4096,14,31,264,14060,3975,10,0.85,7J4VXGFX+
5/21/2021 15:39,12.974622,77.548096,0,False,57998,4096,21,27,261,14060,4025,11,0.83,7J4VXGFX+
5/21/2021 15:39,12.974622,77.548096,0,False,57998,4096,21,18,258,13996,3975,11,0.83,7J4VXGFX+
5/21/2021 15:39,12.974622,77.548096,0,False,58100,4096,21,18,258,14081,3981,11,0.81,7J4VXGFX+
5/21/2021 15:39,12.974622,77.548096,0,False,58205,4096,21,20,257,13869,4014,10,0.85,7J4VXGFX+
5/21/2021 15:39,12.974622,77.548096,0,False,58312,4096,28,20,256,13954,4020,10,0.85,7J4VXGFX+
5/21/2021 15:39,12.974622,77.548096,0,False,58414,4096,21,26,280,13826,4020,10,0.84,7J4VXGFX+
5/21/2021 15:39,12.974622,77.548096,0,False,58414,4096,28,26,255,13698,4020,10,0.84,7J4VXGFX+
5/21/2021 15:39,12.974622,77.548096,0,False,58414,4096,28,28,241,13826,4031,10,0.85,7J4VXGFX+
5/21/2021 15:39,12.974622,77.548096,0,False,58521,4096,14,28,227,13826,4020,10,0.85,7J4VXGFX+
5/21/2021 15:40,12.974622,77.548096,0,False,58521,4096,8,28,211,13783,4020,10,0.85,7J4VXGFX+
5/21/2021 15:40,12.974622,77.548096,0,False,58623,4096,14,29,199,14060,4025,10,0.85,7J4VXGFX+
5/21/2021 15:40,12.974622,77.548096,0,False,58727,4096,21,29,202,14060,4025,10,0.84,7J4VXGFX+
5/21/2021 15:40,12.974622,77.548096,0,False,58837,4096,21,25,198,13932,4025,10,0.84,7J4VXGFX+
5/21/2021 15:40,12.974622,77.548096,0,False,58940,4096,28,26,198,13762,4042,10,0.84,7J4VXGFX+
5/21/2021 15:40,12.974622,77.548096,0,False,58940,4096,21,20,178,13783,4008,10,0.84,7J4VXGFX+
5/21/2021 15:40,12.974622,77.548096,0,False,58940,4096,21,20,178,13635,4025,9,0.97,7J4VXGFX+
5/21/2021 15:40,12.974622,77.548096,0,False,58940,4096,21,21,178,13209,4031,9,0.91,7J4VXGFX+
5/21/2021 15:40,12.974622,77.548096,0,False,58940,4096,21,21,178,13379,4025,8,1.03,7J4VXGFX+
5/21/2021 15:40,12.974622,77.548096,0,False,58940,4096,21,24,178,13720,4014,10,0.84,7J4VXGFX+
5/21/2021 15:40,12.974622,77.548096,0,False,58940,4096,21,22,178,13550,4025,9,0.88,7J4VXGFX+
5/21/2021 15:40,12.974622,77.548096,0,False,58940,4096,21,22,200,13677,4025,10,0.85,7J4VXGFX+
5/21/2021 15:40,12.974622,77.548096,0,False,59042,4096,21,23,202,13911,4014,10,0.85,7J4VXGFX+
5/21/2021 15:40,12.974622,77.548096,0,False,59144,4096,21,22,204,13911,3986,10,0.85,7J4VXGFX+
5/21/2021 15:40,12.974622,77.548096,0,False,59248,4096,14,22,210,13783,4014,10,0.85,7J4VXGFX+
5/21/2021 15:40,12.974622,77.548096,0,False,59350,4096,14,21,214,13762,4008,10,0.84,7J4VXGFX+
5/21/2021 15:40,12.974622,77.548096,0,False,59350,4096,21,21,214,14018,4008,10,0.85,7J4VXGFX+
5/21/2021 15:40,12.974622,77.548096,0,False,59350,4096,21,17,214,13698,4008,10,0.85,7J4VXGFX+
5/21/2021 15:40,12.974622,77.548096,0,False,59350,4096,21,24,214,13762,4025,10,0.85,7J4VXGFX+
5/21/2021 15:40,12.974622,77.548096,0,False,59350,4096,14,23,214,13826,4014,10,0.85,7J4VXGFX+
5/21/2021 15:40,12.974622,77.548096,0,False,59350,4096,14,23,214,13720,4008,10,0.85,7J4VXGFX+
5/21/2021 15:40,12.974622,77.548096,0,False,59350,4096,21,24,214,13720,4020,10,0.85,7J4VXGFX+
5/21/2021 15:40,12.974622,77.548096,0,False,59350,4096,14,21,202,13826,4020,10,0.85,7J4VXGFX+
5/21/2021 15:40,12.974622,77.548096,0,False,59458,4096,14,19,203,13996,4025,10,0.85,7J4VXGFX+
5/21/2021 15:40,12.974622,77.548096,0,False,59567,4096,14,28,205,14060,4025,10,0.85,7J4VXGFX+
5/21/2021 15:40,12.974622,77.548096,0,False,59668,4096,21,30,203,13911,4008,10,0.84,7J4VXGFX+
5/21/2021 15:40,12.974622,77.548096,0,False,59772,4096,21,30,200,13550,4025,10,0.84,7J4VXGFX+
5/21/2021 15:40,12.974622,77.548096,0,False,59772,4096,21,21,205,13996,4031,10,0.84,7J4VXGFX+
5/21/2021 15:40,12.974622,77.548096,0,False,59772,4096,21,21,205,13996,4025,10,0.84,7J4VXGFX+
5/21/2021 15:40,12.974622,77.548096,0,False,59772,4096,21,19,205,13932,4031,8,0.97,7J4VXGFX+
5/21/2021 15:40,12.974622,77.548096,0,False,59772,4096,21,22,205,13762,4025,8,0.97,7J4VXGFX+
5/21/2021 15:40,12.974622,77.548096,0,False,59772,4096,21,22,205,13847,4025,9,0.94,7J4VXGFX+
5/21/2021 15:40,12.974622,77.548096,0,False,60181,4096,14,24,207,13996,4008,9,0.94,7J4VXGFX+
5/21/2021 15:40,12.974622,77.548096,0,False,60181,4096,21,20,235,13847,4008,9,0.94,7J4VXGFX+
5/21/2021 15:40,12.974622,77.548096,0,False,60181,4096,21,28,17,14060,4014,9,1.0,7J4VXGFX+
5/21/2021 15:40,12.974622,77.548096,0,False,60282,4096,21,30,21,14060,4014,9,0.94,7J4VXGFX+
5/21/2021 15:40,12.974622,77.548096,0,False,60282,4096,21,27,24,14081,4003,8,0.99,7J4VXGFX+
5/21/2021 15:40,12.974622,77.548096,0,False,60488,4096,21,19,22,14018,4008,7,1.28,7J4VXGFX+
5/21/2021 15:40,12.974622,77.548096,0,False,60598,4096,21,28,24,14167,4014,9,0.94,7J4VXGFX+
5/21/2021 15:40,12.974622,77.548096,0,False,60703,4096,14,26,23,14103,4025,9,1.0,7J4VXGFX+
5/21/2021 15:40,12.974622,77.548096,0,False,60703,4096,21,26,46,14060,4031,9,0.94,7J4VXGFX+
5/21/2021 15:40,12.974622,77.548096,0,False,60806,4096,28,18,27,13720,4020,9,0.94,7J4VXGFX+
5/21/2021 15:40,12.974622,77.548096,0,False,60806,4096,21,15,18,14167,4020,9,1.0,7J4VXGFX+
5/21/2021 15:40,12.974622,77.548096,0,False,60806,4096,21,19,18,14145,3997,9,1.0,7J4VXGFX+
5/21/2021 15:40,12.974622,77.548096,0,False,60910,4096,14,17,28,14018,4020,9,0.94,7J4VXGFX+
5/21/2021 15:40,12.974622,77.548096,0,False,61021,4096,14,17,30,13869,4020,7,1.26,7J4VXGFX+
5/21/2021 15:40,12.974622,77.548096,0,False,61021,4096,21,29,16,14081,4020,8,0.99,7J4VXGFX+
5/21/2021 15:40,12.974622,77.548096,0,False,61241,4096,14,20,16,13826,4014,8,0.99,7J4VXGFX+
5/21/2021 15:40,12.974622,77.548096,0,False,61347,4096,21,20,13,13954,4014,8,0.99,7J4VXGFX+
5/21/2021 15:40,12.974622,77.548096,0,False,61347,4096,21,18,19,14060,4020,8,0.99,7J4VXGFX+
5/21/2021 15:40,12.974622,77.548096,0,False,61448,4096,21,29,8,14145,3997,6,2.23,7J4VXGFX+
5/21/2021 15:40,12.974622,77.548096,0,False,61548,4096,14,24,23,14145,4014,7,1.25,7J4VXGFX+
5/21/2021 15:40,12.974622,77.548096,0,False,61548,4096,14,24,32,14167,4014,8,1.09,7J4VXGFX+
5/21/2021 15:40,12.974622,77.548096,0,False,61656,4096,21,24,24,14167,4020,9,0.94,7J4VXGFX+
5/21/2021 15:40,12.974622,77.548096,0,False,61656,4096,21,24,24,14081,4020,9,1.01,7J4VXGFX+
5/21/2021 15:41,12.974622,77.548096,0,False,61656,4096,14,23,24,13826,4025,9,1.01,7J4VXGFX+
5/21/2021 15:41,12.974622,77.548096,0,False,61656,4096,14,23,24,13486,4025,9,1.01,7J4VXGFX+
5/21/2021 15:41,12.974622,77.548096,0,False,61656,4096,21,22,24,13635,4025,9,1.01,7J4VXGFX+
5/21/2021 15:41,12.974622,77.548096,0,False,61656,4096,14,26,24,13911,4008,10,0.84,7J4VXGFX+
5/21/2021 15:41,12.974622,77.548096,0,False,61656,4096,14,26,14,14167,4014,9,0.91,7J4VXGFX+
5/21/2021 15:41,12.974622,77.548096,0,False,61757,4096,14,29,65,14145,4014,9,0.9,7J4VXGFX+
5/21/2021 15:41,12.974622,77.548096,0,False,61861,4096,21,27,77,14081,4031,9,0.9,7J4VXGFX+
5/21/2021 15:41,12.974622,77.548096,0,False,62379,4096,21,24,84,14060,4020,9,0.94,7J4VXGFX+
5/21/2021 15:41,12.974622,77.548096,0,False,62379,4096,21,30,84,14018,4025,9,0.94,7J4VXGFX+
5/21/2021 15:41,12.974622,77.548096,0,False,62379,4096,21,28,84,14060,4014,9,0.94,7J4VXGFX+
5/21/2021 15:41,12.974622,77.548096,0,False,62379,4096,21,28,104,14103,4008,9,0.94,7J4VXGFX+
5/21/2021 15:41,12.974622,77.548096,0,False,62379,4096,21,29,89,14103,4014,9,1.01,7J4VXGFX+
5/21/2021 15:41,12.974622,77.548096,0,False,62481,4096,21,25,98,13932,4014,9,0.94,7J4VXGFX+
5/21/2021 15:41,12.974622,77.548096,0,False,62481,4096,21,23,91,14081,4014,9,0.94,7J4VXGFX+
5/21/2021 15:41,12.974622,77.548096,0,False,62586,4096,21,23,93,14060,4014,9,1.01,7J4VXGFX+
5/21/2021 15:41,12.974622,77.548096,0,False,62693,4096,14,16,93,14167,3981,9,0.94,7J4VXGFX+
5/21/2021 15:41,12.974622,77.548096,0,False,62693,4096,21,29,87,14167,4025,9,1.01,7J4VXGFX+
5/21/2021 15:41,12.974622,77.548096,0,False,62693,4096,28,25,87,14167,4020,9,0.94,7J4VXGFX+
5/21/2021 15:41,12.974622,77.548096,0,False,62693,4096,21,23,111,14145,4020,9,0.94,7J4VXGFX+
5/21/2021 15:41,12.974622,77.548096,0,False,62693,4096,14,22,85,14209,4031,9,0.94,7J4VXGFX+
5/21/2021 15:41,12.974622,77.548096,0,False,62693,4096,21,20,85,14103,4025,9,0.94,7J4VXGFX+
5/21/2021 15:41,12.974622,77.548096,0,False,62693,4096,8,22,85,14081,4020,9,0.94,7J4VXGFX+
5/21/2021 15:41,12.974622,77.548096,0,False,62693,4096,14,22,85,13911,4014,9,0.94,7J4VXGFX+
5/21/2021 15:41,12.974622,77.548096,0,False,62693,4096,14,23,85,14018,4014,9,0.94,7J4VXGFX+
5/21/2021 15:41,12.974622,77.548096,0,False,62693,4096,14,20,85,13932,4025,9,0.94,7J4VXGFX+
5/21/2021 15:41,12.974622,77.548096,0,False,62693,4096,21,20,85,13869,4025,9,0.94,7J4VXGFX+
5/21/2021 15:41,12.974622,77.548096,0,False,62693,4096,14,22,85,13720,4031,9,0.94,7J4VXGFX+
5/21/2021 15:41,12.974622,77.548096,0,False,62693,4096,21,25,85,14018,4031,9,0.94,7J4VXGFX+
5/21/2021 15:41,12.974622,77.548096,0,False,62693,4096,28,27,174,14167,4031,9,0.94,7J4VXGFX+
5/21/2021 15:41,12.974622,77.548096,0,False,62693,4096,21,25,174,14103,4025,9,0.94,7J4VXGFX+
5/21/2021 15:41,12.974622,77.548096,0,False,62693,4096,21,25,174,14018,4025,9,0.94,7J4VXGFX+
5/21/2021 15:41,12.974622,77.548096,0,False,62793,4096,14,26,174,14081,4031,9,0.94,7J4VXGFX+
5/21/2021 15:41,12.974622,77.548096,0,False,62793,4096,14,28,174,13996,4008,9,0.94,7J4VXGFX+
5/21/2021 15:41,12.974622,77.548096,0,False,62793,4096,21,27,174,13996,4020,9,0.94,7J4VXGFX+
5/21/2021 15:41,12.974622,77.548096,0,False,62793,4096,14,29,60,14018,4020,9,0.94,7J4VXGFX+
5/21/2021 15:41,12.974622,77.548096,0,False,62793,4096,8,28,68,13783,4031,9,0.94,7J4VXGFX+
5/21/2021 15:41,12.974622,77.548096,0,False,62793,4096,14,28,68,13911,4020,9,0.94,7J4VXGFX+
5/21/2021 15:41,12.974622,77.548096,0,False,62793,4096,21,28,68,13932,4025,9,0.94,7J4VXGFX+
5/21/2021 15:41,12.974622,77.548096,0,False,62793,4096,21,27,68,13847,4020,10,0.85,7J4VXGFX+
5/21/2021 15:41,12.974622,77.548096,0,False,62793,4096,21,25,68,14145,4025,10,0.85,7J4VXGFX+
5/21/2021 15:41,12.974622,77.548096,0,False,62793,4096,21,26,68,14060,4036,10,0.85,7J4VXGFX+
5/21/2021 15:41,12.974622,77.548096,0,False,62793,4096,21,26,68,14145,4036,10,0.85,7J4VXGFX+
5/21/2021 15:41,12.974622,77.548096,0,False,62793,4096,21,26,68,14103,4025,10,0.86,7J4VXGFX+
5/21/2021 15:41,12.974622,77.548096,0,False,62793,4096,21,28,68,14018,4020,10,0.86,7J4VXGFX+
5/21/2021 15:41,12.974622,77.548096,0,False,62793,4096,21,27,68,14081,4020,10,0.86,7J4VXGFX+
5/21/2021 15:41,12.974622,77.548096,0,False,62793,4096,14,28,68,14060,4031,10,0.86,7J4VXGFX+
5/21/2021 15:41,12.974622,77.548096,0,False,62793,4096,14,25,68,14060,4025,10,0.86,7J4VXGFX+
5/21/2021 15:41,12.974622,77.548096,0,False,62793,4096,21,26,68,13954,4031,10,0.86,7J4VXGFX+
5/21/2021 15:41,12.974622,77.548096,0,False,62793,4096,21,26,68,14081,4025,10,0.86,7J4VXGFX+
5/21/2021 15:41,12.974622,77.548096,0,False,62793,4096,14,27,68,13996,4014,10,0.86,7J4VXGFX+
5/21/2021 15:41,12.974622,77.548096,0,False,62793,4096,14,26,68,13847,4003,10,0.86,7J4VXGFX+
5/21/2021 15:41,12.974622,77.548096,0,False,62793,4096,21,27,68,13869,4003,10,0.86,7J4VXGFX+
5/21/2021 15:41,12.974622,77.548096,0,False,62793,4096,21,26,68,13826,4008,10,0.86,7J4VXGFX+
5/21/2021 15:41,12.974622,77.548096,0,False,62793,4096,21,26,68,13911,4008,10,0.86,7J4VXGFX+
5/21/2021 15:41,12.974622,77.548096,0,False,62793,4096,21,25,68,13826,4003,10,0.86,7J4VXGFX+
5/21/2021 15:41,12.974622,77.548096,0,False,62793,4096,21,25,68,14145,4025,10,0.86,7J4VXGFX+
5/21/2021 15:41,12.974622,77.548096,0,False,62793,4096,21,24,68,14081,4020,10,0.86,7J4VXGFX+
5/21/2021 15:42,12.974622,77.548096,0,False,62793,4096,21,24,68,13996,4014,10,0.86,7J4VXGFX+
5/21/2021 15:42,12.974622,77.548096,0,False,62793,4096,21,25,68,13954,4025,10,0.86,7J4VXGFX+
5/21/2021 15:42,12.974622,77.548096,0,False,62793,4096,21,25,68,14018,4025,10,0.86,7J4VXGFX+
5/21/2021 15:42,12.974622,77.548096,0,False,62793,4096,14,26,68,14145,4008,10,0.86,7J4VXGFX+
5/21/2021 15:42,12.974622,77.548096,0,False,62793,4096,14,25,68,14167,4008,10,0.86,7J4VXGFX+
5/21/2021 15:42,12.974622,77.548096,0,False,62793,135328,21,26,68,921,4014,10,0.86,7J4VXGFX+
5/21/2021 15:42,12.974622,77.548096,0,False,62793,4224,21,27,68,359,4114,10,0.86,7J4VXGFX+
5/21/2021 15:42,12.974622,77.548096,0,False,62793,4224,14,26,68,359,4114,10,0.86,7J4VXGFX+
5/21/2021 15:42,12.974622,77.548096,0,False,62793,4224,14,27,68,408,4114,10,0.86,7J4VXGFX+
5/21/2021 15:42,12.974622,77.548096,0,False,62793,4224,14,19,68,408,4025,9,0.89,7J4VXGFX+
5/21/2021 15:42,12.974622,77.548096,0,False,62793,4224,14,26,156,408,4108,9,0.89,7J4VXGFX+
5/21/2021 15:42,12.974622,77.548096,0,False,62793,4224,14,22,168,359,4103,9,0.89,7J4VXGFX+
5/21/2021 15:42,12.974622,77.548096,0,False,62793,4224,21,22,158,408,4103,9,0.89,7J4VXGFX+
5/21/2021 15:42,12.974622,77.548096,0,False,62793,4224,14,20,22,408,4097,9,0.89,7J4VXGFX+
5/21/2021 15:42,12.974622,77.548096,0,False,62793,4224,14,21,261,408,3992,8,1.0,7J4VXGFX+
5/21/2021 15:42,12.974622,77.548096,0,False,62793,4224,14,19,280,359,4058,8,1.02,7J4VXGFX+
5/21/2021 15:42,12.974622,77.548096,0,False,62793,4224,21,20,280,408,4053,8,1.01,7J4VXGFX+
5/21/2021 15:42,12.974622,77.548096,0,False,62793,4224,21,18,280,408,4053,8,1.01,7J4VXGFX+
5/21/2021 15:42,12.974622,77.548096,0,False,62793,4224,21,14,280,408,4053,7,1.11,7J4VXGFX+
5/21/2021 15:42,12.974622,77.548096,0,False,62793,4224,14,21,280,433,4058,8,1.01,7J4VXGFX+
5/21/2021 15:42,12.974622,77.548096,0,False,62793,4224,14,20,280,359,4058,7,1.21,7J4VXGFX+
5/21/2021 15:42,12.974622,77.548096,0,False,62793,4224,14,20,280,408,4064,7,1.21,7J4VXGFX+
5/21/2021 15:42,12.974622,77.548096,0,False,62793,4224,14,19,280,408,4064,8,1.0,7J4VXGFX+
5/21/2021 15:42,12.974622,77.548096,0,False,57372,4096,21,2,234,14018,4036,9,0.89,7J4VXGFX+
5/21/2021 15:42,12.974622,77.548096,0,False,57372,4096,21,2,231,13932,4014,10,0.95,7J4VXGFX+
5/21/2021 15:42,12.974622,77.548096,0,False,57583,4096,21,2,270,13996,4003,11,0.82,7J4VXGFX+
5/21/2021 15:42,12.974622,77.548096,0,False,57583,4096,21,1,288,13869,4025,11,0.81,7J4VXGFX+
5/21/2021 15:42,12.974622,77.548096,0,False,57685,4096,28,30,271,14060,4014,10,0.84,7J4VXGFX+
5/21/2021 15:42,12.974622,77.548096,0,False,57685,4096,21,20,278,13720,4014,10,0.84,7J4VXGFX+
5/21/2021 15:42,12.974622,77.548096,0,False,57685,4096,21,23,289,13932,4031,11,0.81,7J4VXGFX+
5/21/2021 15:42,12.974622,77.548096,0,False,57785,4096,21,23,289,13571,4020,10,0.84,7J4VXGFX+
5/21/2021 15:42,12.974622,77.548096,0,False,57785,4096,28,20,289,13698,4020,10,0.84,7J4VXGFX+
5/21/2021 15:42,12.974622,77.548096,0,False,57785,4096,28,20,266,13932,3970,10,0.84,7J4VXGFX+
5/21/2021 15:42,12.974622,77.548096,0,False,57785,4096,14,25,272,13911,3975,10,0.85,7J4VXGFX+
5/21/2021 15:42,12.974622,77.548096,0,False,57895,4096,14,31,264,14060,3975,10,0.85,7J4VXGFX+
5/21/2021 15:42,12.974622,77.548096,0,False,57998,4096,21,27,261,14060,4025,11,0.83,7J4VXGFX+
5/21/2021 15:42,12.974622,77.548096,0,False,57998,4096,21,18,258,13996,3975,11,0.83,7J4VXGFX+
5/21/2021 15:42,12.974622,77.548096,0,False,58100,4096,21,18,258,14081,3981,11,0.81,7J4VXGFX+
5/21/2021 15:42,12.974622,77.548096,0,False,58205,4096,21,20,257,13869,4014,10,0.85,7J4VXGFX+
5/21/2021 15:42,12.974622,77.548096,0,False,58312,4096,28,20,256,13954,4020,10,0.85,7J4VXGFX+
5/21/2021 15:42,12.974622,77.548096,0,False,58414,4096,21,26,280,13826,4020,10,0.84,7J4VXGFX+
5/21/2021 15:42,12.974622,77.548096,0,False,58414,4096,28,26,255,13698,4020,10,0.84,7J4VXGFX+
5/21/2021 15:42,12.974622,77.548096,0,False,58414,4096,28,28,241,13826,4031,10,0.85,7J4VXGFX+
5/21/2021 15:42,12.974622,77.548096,0,False,58521,4096,14,28,227,13826,4020,10,0.85,7J4VXGFX+
5/21/2021 15:42,12.974622,77.548096,0,False,58521,4096,8,28,211,13783,4020,10,0.85,7J4VXGFX+
5/21/2021 15:42,12.974622,77.548096,0,False,58623,4096,14,29,199,14060,4025,10,0.85,7J4VXGFX+
5/21/2021 15:42,12.974622,77.548096,0,False,58727,4096,21,29,202,14060,4025,10,0.84,7J4VXGFX+
5/21/2021 15:42,12.974622,77.548096,0,False,58837,4096,21,25,198,13932,4025,10,0.84,7J4VXGFX+
5/21/2021 15:42,12.974622,77.548096,0,False,58940,4096,28,26,198,13762,4042,10,0.84,7J4VXGFX+
5/21/2021 15:42,12.974622,77.548096,0,False,58940,4096,21,20,178,13783,4008,10,0.84,7J4VXGFX+
5/21/2021 15:42,12.974622,77.548096,0,False,58940,4096,21,20,178,13635,4025,9,0.97,7J4VXGFX+
5/21/2021 15:42,12.974622,77.548096,0,False,58940,4096,21,21,178,13209,4031,9,0.91,7J4VXGFX+
5/21/2021 15:42,12.974622,77.548096,0,False,58940,4096,21,21,178,13379,4025,8,1.03,7J4VXGFX+
5/21/2021 15:42,12.974622,77.548096,0,False,58940,4096,21,24,178,13720,4014,10,0.84,7J4VXGFX+
5/21/2021 15:42,12.974622,77.548096,0,False,58940,4096,21,22,178,13550,4025,9,0.88,7J4VXGFX+
5/21/2021 15:42,12.974622,77.548096,0,False,58940,4096,21,22,200,13677,4025,10,0.85,7J4VXGFX+
5/21/2021 15:43,12.974622,77.548096,0,False,59042,4096,21,23,202,13911,4014,10,0.85,7J4VXGFX+
5/21/2021 15:43,12.974622,77.548096,0,False,59144,4096,21,22,204,13911,3986,10,0.85,7J4VXGFX+
5/21/2021 15:43,12.974622,77.548096,0,False,59248,4096,14,22,210,13783,4014,10,0.85,7J4VXGFX+
5/21/2021 15:43,12.974622,77.548096,0,False,59350,4096,14,21,214,13762,4008,10,0.84,7J4VXGFX+
5/21/2021 15:43,12.974622,77.548096,0,False,59350,4096,21,21,214,14018,4008,10,0.85,7J4VXGFX+
5/21/2021 15:43,12.974622,77.548096,0,False,59350,4096,21,17,214,13698,4008,10,0.85,7J4VXGFX+
5/21/2021 15:43,12.974622,77.548096,0,False,59350,4096,21,24,214,13762,4025,10,0.85,7J4VXGFX+
5/21/2021 15:43,12.974622,77.548096,0,False,59350,4096,14,23,214,13826,4014,10,0.85,7J4VXGFX+
5/21/2021 15:43,12.974622,77.548096,0,False,59350,4096,14,23,214,13720,4008,10,0.85,7J4VXGFX+
5/21/2021 15:43,12.974622,77.548096,0,False,59350,4096,21,24,214,13720,4020,10,0.85,7J4VXGFX+
5/21/2021 15:43,12.974622,77.548096,0,False,59350,4096,14,21,202,13826,4020,10,0.85,7J4VXGFX+
5/21/2021 15:43,12.974622,77.548096,0,False,59458,4096,14,19,203,13996,4025,10,0.85,7J4VXGFX+
5/21/2021 15:43,12.974622,77.548096,0,False,59567,4096,14,28,205,14060,4025,10,0.85,7J4VXGFX+
5/21/2021 15:43,12.974622,77.548096,0,False,59668,4096,21,30,203,13911,4008,10,0.84,7J4VXGFX+
5/21/2021 15:43,12.974622,77.548096,0,False,59772,4096,21,30,200,13550,4025,10,0.84,7J4VXGFX+
5/21/2021 15:43,12.974622,77.548096,0,False,59772,4096,21,21,205,13996,4031,10,0.84,7J4VXGFX+
5/21/2021 15:43,12.974622,77.548096,0,False,59772,4096,21,21,205,13996,4025,10,0.84,7J4VXGFX+
5/21/2021 15:43,12.974622,77.548096,0,False,59772,4096,21,19,205,13932,4031,8,0.97,7J4VXGFX+
5/21/2021 15:43,12.974622,77.548096,0,False,59772,4096,21,22,205,13762,4025,8,0.97,7J4VXGFX+
5/21/2021 15:43,12.974622,77.548096,0,False,59772,4096,21,22,205,13847,4025,9,0.94,7J4VXGFX+
5/21/2021 15:43,12.974622,77.548096,0,False,60181,4096,14,24,207,13996,4008,9,0.94,7J4VXGFX+
5/21/2021 15:43,12.974622,77.548096,0,False,60181,4096,21,20,235,13847,4008,9,0.94,7J4VXGFX+
5/21/2021 15:43,12.974622,77.548096,0,False,60181,4096,21,28,17,14060,4014,9,1.0,7J4VXGFX+
5/21/2021 15:43,12.974622,77.548096,0,False,60282,4096,21,30,21,14060,4014,9,0.94,7J4VXGFX+
5/21/2021 15:43,12.974622,77.548096,0,False,60282,4096,21,27,24,14081,4003,8,0.99,7J4VXGFX+
5/21/2021 15:43,12.974622,77.548096,0,False,60488,4096,21,19,22,14018,4008,7,1.28,7J4VXGFX+
5/21/2021 15:43,12.974622,77.548096,0,False,60598,4096,21,28,24,14167,4014,9,0.94,7J4VXGFX+
5/21/2021 15:43,12.974622,77.548096,0,False,60703,4096,14,26,23,14103,4025,9,1.0,7J4VXGFX+
5/21/2021 15:43,12.974622,77.548096,0,False,60703,4096,21,26,46,14060,4031,9,0.94,7J4VXGFX+
5/21/2021 15:43,12.974622,77.548096,0,False,60806,4096,28,18,27,13720,4020,9,0.94,7J4VXGFX+
5/21/2021 15:43,12.974622,77.548096,0,False,60806,4096,21,15,18,14167,4020,9,1.0,7J4VXGFX+
5/21/2021 15:43,12.974622,77.548096,0,False,60806,4096,21,19,18,14145,3997,9,1.0,7J4VXGFX+
5/21/2021 15:43,12.974622,77.548096,0,False,60910,4096,14,17,28,14018,4020,9,0.94,7J4VXGFX+
5/21/2021 15:43,12.974622,77.548096,0,False,61021,4096,14,17,30,13869,4020,7,1.26,7J4VXGFX+
5/21/2021 15:43,12.974622,77.548096,0,False,61021,4096,21,29,16,14081,4020,8,0.99,7J4VXGFX+
5/21/2021 15:43,12.974622,77.548096,0,False,61241,4096,14,20,16,13826,4014,8,0.99,7J4VXGFX+
5/21/2021 15:43,12.974622,77.548096,0,False,61347,4096,21,20,13,13954,4014,8,0.99,7J4VXGFX+
5/21/2021 15:43,12.974622,77.548096,0,False,61347,4096,21,18,19,14060,4020,8,0.99,7J4VXGFX+
5/21/2021 15:43,12.974622,77.548096,0,False,61448,4096,21,29,8,14145,3997,6,2.23,7J4VXGFX+
5/21/2021 15:43,12.974622,77.548096,0,False,61548,4096,14,24,23,14145,4014,7,1.25,7J4VXGFX+
5/21/2021 15:43,12.974622,77.548096,0,False,61548,4096,14,24,32,14167,4014,8,1.09,7J4VXGFX+
5/21/2021 15:43,12.974622,77.548096,0,False,61656,4096,21,24,24,14167,4020,9,0.94,7J4VXGFX+
5/21/2021 15:43,12.974622,77.548096,0,False,61656,4096,21,24,24,14081,4020,9,1.01,7J4VXGFX+
5/21/2021 15:43,12.974622,77.548096,0,False,61656,4096,14,23,24,13826,4025,9,1.01,7J4VXGFX+
5/21/2021 15:43,12.974622,77.548096,0,False,61656,4096,14,23,24,13486,4025,9,1.01,7J4VXGFX+
5/21/2021 15:43,12.974622,77.548096,0,False,61656,4096,21,22,24,13635,4025,9,1.01,7J4VXGFX+
5/21/2021 15:43,12.974622,77.548096,0,False,61656,4096,14,26,24,13911,4008,10,0.84,7J4VXGFX+
5/21/2021 15:43,12.974622,77.548096,0,False,61656,4096,14,26,14,14167,4014,9,0.91,7J4VXGFX+
5/21/2021 15:43,12.974622,77.548096,0,False,61757,4096,14,29,65,14145,4014,9,0.9,7J4VXGFX+
5/21/2021 15:43,12.974622,77.548096,0,False,61861,4096,21,27,77,14081,4031,9,0.9,7J4VXGFX+
5/21/2021 15:43,12.974622,77.548096,0,False,62379,4096,21,24,84,14060,4020,9,0.94,7J4VXGFX+
5/21/2021 15:43,12.974622,77.548096,0,False,62379,4096,21,30,84,14018,4025,9,0.94,7J4VXGFX+
5/21/2021 15:43,12.974622,77.548096,0,False,62379,4096,21,28,84,14060,4014,9,0.94,7J4VXGFX+
5/21/2021 15:43,12.974622,77.548096,0,False,62379,4096,21,28,104,14103,4008,9,0.94,7J4VXGFX+
5/21/2021 15:43,12.974622,77.548096,0,False,62379,4096,21,29,89,14103,4014,9,1.01,7J4VXGFX+
5/21/2021 15:44,12.974622,77.548096,0,False,62481,4096,21,25,98,13932,4014,9,0.94,7J4VXGFX+
5/21/2021 15:44,12.974622,77.548096,0,False,62481,4096,21,23,91,14081,4014,9,0.94,7J4VXGFX+
5/21/2021 15:44,12.974622,77.548096,0,False,62586,4096,21,23,93,14060,4014,9,1.01,7J4VXGFX+
5/21/2021 15:44,12.974622,77.548096,0,False,62693,4096,14,16,93,14167,3981,9,0.94,7J4VXGFX+
5/21/2021 15:44,12.974622,77.548096,0,False,62693,4096,21,29,87,14167,4025,9,1.01,7J4VXGFX+
5/21/2021 15:44,12.974622,77.548096,0,False,62693,4096,28,25,87,14167,4020,9,0.94,7J4VXGFX+
5/21/2021 15:44,12.974622,77.548096,0,False,62693,4096,21,23,111,14145,4020,9,0.94,7J4VXGFX+
5/21/2021 15:44,12.974622,77.548096,0,False,62693,4096,14,22,85,14209,4031,9,0.94,7J4VXGFX+
5/21/2021 15:44,12.974622,77.548096,0,False,62693,4096,21,20,85,14103,4025,9,0.94,7J4VXGFX+
5/21/2021 15:44,12.974622,77.548096,0,False,62693,4096,8,22,85,14081,4020,9,0.94,7J4VXGFX+
5/21/2021 15:44,12.974622,77.548096,0,False,62693,4096,14,22,85,13911,4014,9,0.94,7J4VXGFX+
5/21/2021 15:44,12.974622,77.548096,0,False,62693,4096,14,23,85,14018,4014,9,0.94,7J4VXGFX+
5/21/2021 15:44,12.974622,77.548096,0,False,62693,4096,14,20,85,13932,4025,9,0.94,7J4VXGFX+
5/21/2021 15:44,12.974622,77.548096,0,False,62693,4096,21,20,85,13869,4025,9,0.94,7J4VXGFX+
5/21/2021 15:44,12.974622,77.548096,0,False,62693,4096,14,22,85,13720,4031,9,0.94,7J4VXGFX+
5/21/2021 15:44,12.974622,77.548096,0,False,62693,4096,21,25,85,14018,4031,9,0.94,7J4VXGFX+
5/21/2021 15:44,12.974622,77.548096,0,False,62693,4096,28,27,174,14167,4031,9,0.94,7J4VXGFX+
5/21/2021 15:44,12.974622,77.548096,0,False,62693,4096,21,25,174,14103,4025,9,0.94,7J4VXGFX+
5/21/2021 15:44,12.974622,77.548096,0,False,62693,4096,21,25,174,14018,4025,9,0.94,7J4VXGFX+
5/21/2021 15:44,12.974622,77.548096,0,False,62793,4096,14,26,174,14081,4031,9,0.94,7J4VXGFX+
5/21/2021 15:44,12.974622,77.548096,0,False,62793,4096,14,28,174,13996,4008,9,0.94,7J4VXGFX+
5/21/2021 15:44,12.974622,77.548096,0,False,62793,4096,21,27,174,13996,4020,9,0.94,7J4VXGFX+
5/21/2021 15:44,12.974622,77.548096,0,False,62793,4096,14,29,60,14018,4020,9,0.94,7J4VXGFX+
5/21/2021 15:44,12.974622,77.548096,0,False,62793,4096,8,28,68,13783,4031,9,0.94,7J4VXGFX+
5/21/2021 15:44,12.974622,77.548096,0,False,62793,4096,14,28,68,13911,4020,9,0.94,7J4VXGFX+
5/21/2021 15:44,12.974622,77.548096,0,False,62793,4096,21,28,68,13932,4025,9,0.94,7J4VXGFX+
5/21/2021 15:44,12.974622,77.548096,0,False,62793,4096,21,27,68,13847,4020,10,0.85,7J4VXGFX+
5/21/2021 15:44,12.974622,77.548096,0,False,62793,4096,21,25,68,14145,4025,10,0.85,7J4VXGFX+
5/21/2021 15:44,12.974622,77.548096,0,False,62793,4096,21,26,68,14060,4036,10,0.85,7J4VXGFX+
5/21/2021 15:44,12.974622,77.548096,0,False,62793,4096,21,26,68,14145,4036,10,0.85,7J4VXGFX+
5/21/2021 15:44,12.974622,77.548096,0,False,62793,4096,21,26,68,14103,4025,10,0.86,7J4VXGFX+
5/21/2021 15:44,12.974622,77.548096,0,False,62793,4096,21,28,68,14018,4020,10,0.86,7J4VXGFX+
5/21/2021 15:44,12.974622,77.548096,0,False,62793,4096,21,27,68,14081,4020,10,0.86,7J4VXGFX+
5/21/2021 15:44,12.974622,77.548096,0,False,62793,4096,14,25,68,14060,4025,10,0.86,7J4VXGFX+
5/21/2021 15:44,12.974622,77.548096,0,False,62793,4096,21,26,68,13954,4031,10,0.86,7J4VXGFX+
5/21/2021 15:44,12.974622,77.548096,0,False,62793,4096,21,26,68,14081,4025,10,0.86,7J4VXGFX+
5/21/2021 15:44,12.974622,77.548096,0,False,62793,4096,14,27,68,13996,4014,10,0.86,7J4VXGFX+
5/21/2021 15:44,12.974622,77.548096,0,False,62793,4096,14,26,68,13847,4003,10,0.86,7J4VXGFX+
5/21/2021 15:44,12.974622,77.548096,0,False,62793,4096,21,27,68,13869,4003,10,0.86,7J4VXGFX+
5/21/2021 15:44,12.974622,77.548096,0,False,62793,4096,21,26,68,13826,4008,10,0.86,7J4VXGFX+
5/21/2021 15:44,12.974622,77.548096,0,False,62793,4096,21,26,68,13911,4008,10,0.86,7J4VXGFX+
5/21/2021 15:44,12.974622,77.548096,0,False,62793,4096,21,25,68,13826,4003,10,0.86,7J4VXGFX+
5/21/2021 15:44,12.974622,77.548096,0,False,62793,4096,21,25,68,14145,4025,10,0.86,7J4VXGFX+
5/21/2021 15:44,12.974622,77.548096,0,False,62793,4096,21,24,68,14081,4020,10,0.86,7J4VXGFX+
5/21/2021 15:44,12.974622,77.548096,0,False,62793,4096,21,24,68,13996,4014,10,0.86,7J4VXGFX+
5/21/2021 15:44,12.974622,77.548096,0,False,62793,4096,21,25,68,13954,4025,10,0.86,7J4VXGFX+
5/21/2021 15:44,12.974622,77.548096,0,False,62793,4096,21,25,68,14018,4025,10,0.86,7J4VXGFX+
5/21/2021 15:44,12.974622,77.548096,0,False,62793,4096,14,26,68,14145,4008,10,0.86,7J4VXGFX+
5/21/2021 15:44,12.974622,77.548096,0,False,62793,4096,14,25,68,14167,4008,10,0.86,7J4VXGFX+
5/21/2021 15:44,12.974622,77.548096,0,False,62793,135328,21,26,68,921,4014,10,0.86,7J4VXGFX+
5/21/2021 15:44,12.974622,77.548096,0,False,62793,4224,21,27,68,359,4114,10,0.86,7J4VXGFX+
5/21/2021 15:44,12.974622,77.548096,0,False,62793,4224,14,26,68,359,4114,10,0.86,7J4VXGFX+
5/21/2021 15:44,12.974622,77.548096,0,False,62793,4224,14,27,68,408,4114,10,0.86,7J4VXGFX+
5/21/2021 15:44,12.974622,77.548096,0,False,62793,4224,14,19,68,408,4025,9,0.89,7J4VXGFX+
5/21/2021 15:44,12.974622,77.548096,0,False,62793,4224,14,26,156,408,4108,9,0.89,7J4VXGFX+
5/21/2021 15:45,12.974622,77.548096,0,False,62793,4224,14,22,168,359,4103,9,0.89,7J4VXGFX+
5/21/2021 15:45,12.974622,77.548096,0,False,62793,4224,21,22,158,408,4103,9,0.89,7J4VXGFX+
5/21/2021 15:45,12.974622,77.548096,0,False,62793,4224,14,20,22,408,4097,9,0.89,7J4VXGFX+
5/21/2021 15:45,12.974622,77.548096,0,False,62793,4224,14,21,261,408,3992,8,1.0,7J4VXGFX+
5/21/2021 15:45,12.974622,77.548096,0,False,62793,4224,14,19,280,359,4058,8,1.02,7J4VXGFX+
5/21/2021 15:45,12.974622,77.548096,0,False,62793,4224,21,20,280,408,4053,8,1.01,7J4VXGFX+
5/21/2021 15:45,12.974622,77.548096,0,False,62793,4224,21,18,280,408,4053,8,1.01,7J4VXGFX+
5/21/2021 15:45,12.974622,77.548096,0,False,62793,4224,21,14,280,408,4053,7,1.11,7J4VXGFX+
5/21/2021 15:45,12.974622,77.548096,0,False,62793,4224,14,21,280,433,4058,8,1.01,7J4VXGFX+
5/21/2021 15:45,12.974622,77.548096,0,False,62793,4224,14,20,280,359,4058,7,1.21,7J4VXGFX+
5/21/2021 15:45,12.974622,77.548096,0,False,62793,4224,14,20,280,408,4064,7,1.21,7J4VXGFX+
5/21/2021 15:45,12.974622,77.548096,0,False,62793,4224,14,19,280,408,4064,8,1.0,7J4VXGFX+
5/21/2021 15:45,12.974622,77.548096,0,False,57372,4096,21,2,234,14018,4036,9,0.89,7J4VXGFX+
5/21/2021 15:45,12.974622,77.548096,0,False,57372,4096,21,2,231,13932,4014,10,0.95,7J4VXGFX+
5/21/2021 15:45,12.974622,77.548096,0,False,57583,4096,21,2,270,13996,4003,11,0.82,7J4VXGFX+
5/21/2021 15:45,12.974622,77.548096,0,False,57583,4096,21,1,288,13869,4025,11,0.81,7J4VXGFX+
5/21/2021 15:45,12.974622,77.548096,0,False,57685,4096,28,30,271,14060,4014,10,0.84,7J4VXGFX+
5/21/2021 15:45,12.974622,77.548096,0,False,57685,4096,21,20,278,13720,4014,10,0.84,7J4VXGFX+
5/21/2021 15:45,12.974622,77.548096,0,False,57685,4096,21,23,289,13932,4031,11,0.81,7J4VXGFX+
5/21/2021 15:45,12.974622,77.548096,0,False,57785,4096,21,23,289,13571,4020,10,0.84,7J4VXGFX+
5/21/2021 15:45,12.974622,77.548096,0,False,57785,4096,28,20,289,13698,4020,10,0.84,7J4VXGFX+
5/21/2021 15:45,12.974622,77.548096,0,False,57785,4096,28,20,266,13932,3970,10,0.84,7J4VXGFX+
5/21/2021 15:45,12.974622,77.548096,0,False,57785,4096,14,25,272,13911,3975,10,0.85,7J4VXGFX+
5/21/2021 15:45,12.974622,77.548096,0,False,57895,4096,14,31,264,14060,3975,10,0.85,7J4VXGFX+
5/21/2021 15:45,12.974622,77.548096,0,False,57998,4096,21,27,261,14060,4025,11,0.83,7J4VXGFX+
5/21/2021 15:45,12.974622,77.548096,0,False,57998,4096,21,18,258,13996,3975,11,0.83,7J4VXGFX+
5/21/2021 15:45,12.974622,77.548096,0,False,58100,4096,21,18,258,14081,3981,11,0.81,7J4VXGFX+
5/21/2021 15:45,12.974622,77.548096,0,False,58205,4096,21,20,257,13869,4014,10,0.85,7J4VXGFX+
5/21/2021 15:45,12.974622,77.548096,0,False,58312,4096,28,20,256,13954,4020,10,0.85,7J4VXGFX+
5/21/2021 15:45,12.974622,77.548096,0,False,58414,4096,21,26,280,13826,4020,10,0.84,7J4VXGFX+
5/21/2021 15:45,12.974622,77.548096,0,False,58414,4096,28,26,255,13698,4020,10,0.84,7J4VXGFX+
5/21/2021 15:45,12.974622,77.548096,0,False,58414,4096,28,28,241,13826,4031,10,0.85,7J4VXGFX+
5/21/2021 15:45,12.974622,77.548096,0,False,58521,4096,14,28,227,13826,4020,10,0.85,7J4VXGFX+
5/21/2021 15:45,12.974622,77.548096,0,False,58521,4096,8,28,211,13783,4020,10,0.85,7J4VXGFX+
5/21/2021 15:45,12.974622,77.548096,0,False,58623,4096,14,29,199,14060,4025,10,0.85,7J4VXGFX+
5/21/2021 15:45,12.974622,77.548096,0,False,58727,4096,21,29,202,14060,4025,10,0.84,7J4VXGFX+
5/21/2021 15:45,12.974622,77.548096,0,False,58837,4096,21,25,198,13932,4025,10,0.84,7J4VXGFX+
5/21/2021 15:45,12.974622,77.548096,0,False,58940,4096,28,26,198,13762,4042,10,0.84,7J4VXGFX+
5/21/2021 15:45,12.974622,77.548096,0,False,58940,4096,21,20,178,13783,4008,10,0.84,7J4VXGFX+
5/21/2021 15:45,12.974622,77.548096,0,False,58940,4096,21,20,178,13635,4025,9,0.97,7J4VXGFX+
5/21/2021 15:45,12.974622,77.548096,0,False,58940,4096,21,21,178,13209,4031,9,0.91,7J4VXGFX+
5/21/2021 15:45,12.974622,77.548096,0,False,58940,4096,21,21,178,13379,4025,8,1.03,7J4VXGFX+
5/21/2021 15:45,12.974622,77.548096,0,False,58940,4096,21,24,178,13720,4014,10,0.84,7J4VXGFX+
5/21/2021 15:45,12.974622,77.548096,0,False,58940,4096,21,22,178,13550,4025,9,0.88,7J4VXGFX+
5/21/2021 15:45,12.974622,77.548096,0,False,58940,4096,21,22,200,13677,4025,10,0.85,7J4VXGFX+
5/21/2021 15:45,12.974622,77.548096,0,False,59042,4096,21,23,202,13911,4014,10,0.85,7J4VXGFX+
5/21/2021 15:45,12.974622,77.548096,0,False,59144,4096,21,22,204,13911,3986,10,0.85,7J4VXGFX+
5/21/2021 15:45,12.974622,77.548096,0,False,59248,4096,14,22,210,13783,4014,10,0.85,7J4VXGFX+
5/21/2021 15:45,12.974622,77.548096,0,False,59350,4096,14,21,214,13762,4008,10,0.84,7J4VXGFX+
5/21/2021 15:45,12.974622,77.548096,0,False,59350,4096,21,21,214,14018,4008,10,0.85,7J4VXGFX+
5/21/2021 15:45,12.974622,77.548096,0,False,59350,4096,21,17,214,13698,4008,10,0.85,7J4VXGFX+
5/21/2021 15:45,12.974622,77.548096,0,False,59350,4096,21,24,214,13762,4025,10,0.85,7J4VXGFX+
5/21/2021 15:45,12.974622,77.548096,0,False,59350,4096,14,23,214,13826,4014,10,0.85,7J4VXGFX+
5/21/2021 15:45,12.974622,77.548096,0,False,59350,4096,14,23,214,13720,4008,10,0.85,7J4VXGFX+
5/21/2021 15:45,12.974622,77.548096,0,False,59350,4096,21,24,214,13720,4020,10,0.85,7J4VXGFX+
5/21/2021 15:45,12.974622,77.548096,0,False,59350,4096,14,21,202,13826,4020,10,0.85,7J4VXGFX+
5/21/2021 15:45,12.974622,77.548096,0,False,59458,4096,14,19,203,13996,4025,10,0.85,7J4VXGFX+
5/21/2021 15:46,12.974622,77.548096,0,False,59567,4096,14,28,205,14060,4025,10,0.85,7J4VXGFX+
5/21/2021 15:46,12.974622,77.548096,0,False,59668,4096,21,30,203,13911,4008,10,0.84,7J4VXGFX+
5/21/2021 15:46,12.974622,77.548096,0,False,59772,4096,21,30,200,13550,4025,10,0.84,7J4VXGFX+
5/21/2021 15:46,12.974622,77.548096,0,False,59772,4096,21,21,205,13996,4031,10,0.84,7J4VXGFX+
5/21/2021 15:46,12.974622,77.548096,0,False,59772,4096,21,21,205,13996,4025,10,0.84,7J4VXGFX+
5/21/2021 15:46,12.974622,77.548096,0,False,59772,4096,21,19,205,13932,4031,8,0.97,7J4VXGFX+
5/21/2021 15:46,12.974622,77.548096,0,False,59772,4096,21,22,205,13762,4025,8,0.97,7J4VXGFX+
5/21/2021 15:46,12.974622,77.548096,0,False,59772,4096,21,22,205,13847,4025,9,0.94,7J4VXGFX+
5/21/2021 15:46,12.974622,77.548096,0,False,60181,4096,14,24,207,13996,4008,9,0.94,7J4VXGFX+
5/21/2021 15:46,12.974622,77.548096,0,False,60181,4096,21,20,235,13847,4008,9,0.94,7J4VXGFX+
5/21/2021 15:46,12.974622,77.548096,0,False,60181,4096,21,28,17,14060,4014,9,1.0,7J4VXGFX+
5/21/2021 15:46,12.974622,77.548096,0,False,60282,4096,21,30,21,14060,4014,9,0.94,7J4VXGFX+
5/21/2021 15:46,12.974622,77.548096,0,False,60282,4096,21,27,24,14081,4003,8,0.99,7J4VXGFX+
5/21/2021 15:46,12.974622,77.548096,0,False,60488,4096,21,19,22,14018,4008,7,1.28,7J4VXGFX+
5/21/2021 15:46,12.974622,77.548096,0,False,60598,4096,21,28,24,14167,4014,9,0.94,7J4VXGFX+
5/21/2021 15:46,12.974622,77.548096,0,False,60703,4096,14,26,23,14103,4025,9,1.0,7J4VXGFX+
5/21/2021 15:46,12.974622,77.548096,0,False,60703,4096,21,26,46,14060,4031,9,0.94,7J4VXGFX+
5/21/2021 15:46,12.974622,77.548096,0,False,60806,4096,28,18,27,13720,4020,9,0.94,7J4VXGFX+
5/21/2021 15:46,12.974622,77.548096,0,False,60806,4096,21,15,18,14167,4020,9,1.0,7J4VXGFX+
5/21/2021 15:46,12.974622,77.548096,0,False,60806,4096,21,19,18,14145,3997,9,1.0,7J4VXGFX+
5/21/2021 15:46,12.974622,77.548096,0,False,60910,4096,14,17,28,14018,4020,9,0.94,7J4VXGFX+
5/21/2021 15:46,12.974622,77.548096,0,False,61021,4096,14,17,30,13869,4020,7,1.26,7J4VXGFX+
5/21/2021 15:46,12.974622,77.548096,0,False,61021,4096,21,29,16,14081,4020,8,0.99,7J4VXGFX+
5/21/2021 15:46,12.974622,77.548096,0,False,61241,4096,14,20,16,13826,4014,8,0.99,7J4VXGFX+
5/21/2021 15:46,12.974622,77.548096,0,False,61347,4096,21,20,13,13954,4014,8,0.99,7J4VXGFX+
5/21/2021 15:46,12.974622,77.548096,0,False,61347,4096,21,18,19,14060,4020,8,0.99,7J4VXGFX+
5/21/2021 15:46,12.974622,77.548096,0,False,61448,4096,21,29,8,14145,3997,6,2.23,7J4VXGFX+
5/21/2021 15:46,12.974622,77.548096,0,False,61548,4096,14,24,23,14145,4014,7,1.25,7J4VXGFX+
5/21/2021 15:46,12.974622,77.548096,0,False,61548,4096,14,24,32,14167,4014,8,1.09,7J4VXGFX+
5/21/2021 15:46,12.974622,77.548096,0,False,61656,4096,21,24,24,14167,4020,9,0.94,7J4VXGFX+
5/21/2021 15:46,12.974622,77.548096,0,False,61656,4096,21,24,24,14081,4020,9,1.01,7J4VXGFX+
5/21/2021 15:46,12.974622,77.548096,0,False,61656,4096,14,23,24,13826,4025,9,1.01,7J4VXGFX+
5/21/2021 15:46,12.974622,77.548096,0,False,61656,4096,14,23,24,13486,4025,9,1.01,7J4VXGFX+
5/21/2021 15:46,12.974622,77.548096,0,False,61656,4096,21,22,24,13635,4025,9,1.01,7J4VXGFX+
5/21/2021 15:46,12.974622,77.548096,0,False,61656,4096,14,26,24,13911,4008,10,0.84,7J4VXGFX+
5/21/2021 15:46,12.974622,77.548096,0,False,61656,4096,14,26,14,14167,4014,9,0.91,7J4VXGFX+
5/21/2021 15:46,12.974622,77.548096,0,False,61757,4096,14,29,65,14145,4014,9,0.9,7J4VXGFX+
5/21/2021 15:46,12.974622,77.548096,0,False,61861,4096,21,27,77,14081,4031,9,0.9,7J4VXGFX+
5/21/2021 15:46,12.974622,77.548096,0,False,62379,4096,21,24,84,14060,4020,9,0.94,7J4VXGFX+
5/21/2021 15:46,12.974622,77.548096,0,False,62379,4096,21,30,84,14018,4025,9,0.94,7J4VXGFX+
5/21/2021 15:46,12.974622,77.548096,0,False,62379,4096,21,28,84,14060,4014,9,0.94,7J4VXGFX+
5/21/2021 15:46,12.974622,77.548096,0,False,62379,4096,21,28,104,14103,4008,9,0.94,7J4VXGFX+
5/21/2021 15:46,12.974622,77.548096,0,False,62379,4096,21,29,89,14103,4014,9,1.01,7J4VXGFX+
5/21/2021 15:46,12.974622,77.548096,0,False,62481,4096,21,25,98,13932,4014,9,0.94,7J4VXGFX+
5/21/2021 15:46,12.974622,77.548096,0,False,62481,4096,21,23,91,14081,4014,9,0.94,7J4VXGFX+
5/21/2021 15:46,12.974622,77.548096,0,False,62586,4096,21,23,93,14060,4014,9,1.01,7J4VXGFX+
5/21/2021 15:46,12.974622,77.548096,0,False,62693,4096,14,16,93,14167,3981,9,0.94,7J4VXGFX+
5/21/2021 15:46,12.974622,77.548096,0,False,62693,4096,21,29,87,14167,4025,9,1.01,7J4VXGFX+
5/21/2021 15:46,12.974622,77.548096,0,False,62693,4096,28,25,87,14167,4020,9,0.94,7J4VXGFX+
5/21/2021 15:46,12.974622,77.548096,0,False,62693,4096,21,23,111,14145,4020,9,0.94,7J4VXGFX+
5/21/2021 15:46,12.974622,77.548096,0,False,62693,4096,14,22,85,14209,4031,9,0.94,7J4VXGFX+
5/21/2021 15:46,12.974622,77.548096,0,False,62693,4096,21,20,85,14103,4025,9,0.94,7J4VXGFX+
5/21/2021 15:46,12.974622,77.548096,0,False,62693,4096,8,22,85,14081,4020,9,0.94,7J4VXGFX+
5/21/2021 15:46,12.974622,77.548096,0,False,62693,4096,14,22,85,13911,4014,9,0.94,7J4VXGFX+
5/21/2021 15:46,12.974622,77.548096,0,False,62693,4096,14,23,85,14018,4014,9,0.94,7J4VXGFX+
5/21/2021 15:47,12.974622,77.548096,0,False,62693,4096,14,20,85,13932,4025,9,0.94,7J4VXGFX+
5/21/2021 15:47,12.974622,77.548096,0,False,62693,4096,21,20,85,13869,4025,9,0.94,7J4VXGFX+
5/21/2021 15:47,12.974622,77.548096,0,False,62693,4096,14,22,85,13720,4031,9,0.94,7J4VXGFX+
5/21/2021 15:47,12.974622,77.548096,0,False,62693,4096,21,25,85,14018,4031,9,0.94,7J4VXGFX+
5/21/2021 15:47,12.974622,77.548096,0,False,62693,4096,28,27,174,14167,4031,9,0.94,7J4VXGFX+
5/21/2021 15:47,12.974622,77.548096,0,False,62693,4096,21,25,174,14103,4025,9,0.94,7J4VXGFX+
5/21/2021 15:47,12.974622,77.548096,0,False,62693,4096,21,25,174,14018,4025,9,0.94,7J4VXGFX+
5/21/2021 15:47,12.974622,77.548096,0,False,62793,4096,14,26,174,14081,4031,9,0.94,7J4VXGFX+
5/21/2021 15:47,12.974622,77.548096,0,False,62793,4096,14,28,174,13996,4008,9,0.94,7J4VXGFX+
5/21/2021 15:47,12.974622,77.548096,0,False,62793,4096,21,27,174,13996,4020,9,0.94,7J4VXGFX+
5/21/2021 15:47,12.974622,77.548096,0,False,62793,4096,14,29,60,14018,4020,9,0.94,7J4VXGFX+
5/21/2021 15:47,12.974622,77.548096,0,False,62793,4096,8,28,68,13783,4031,9,0.94,7J4VXGFX+
5/21/2021 15:47,12.974622,77.548096,0,False,62793,4096,14,28,68,13911,4020,9,0.94,7J4VXGFX+
5/21/2021 15:47,12.974622,77.548096,0,False,62793,4096,21,28,68,13932,4025,9,0.94,7J4VXGFX+
5/21/2021 15:47,12.974622,77.548096,0,False,62793,4096,21,27,68,13847,4020,10,0.85,7J4VXGFX+
5/21/2021 15:47,12.974622,77.548096,0,False,62793,4096,21,25,68,14145,4025,10,0.85,7J4VXGFX+
5/21/2021 15:47,12.974622,77.548096,0,False,62793,4096,21,26,68,14060,4036,10,0.85,7J4VXGFX+
5/21/2021 15:47,12.974622,77.548096,0,False,62793,4096,21,26,68,14145,4036,10,0.85,7J4VXGFX+
5/21/2021 15:47,12.974622,77.548096,0,False,62793,4096,21,26,68,14103,4025,10,0.86,7J4VXGFX+
5/21/2021 15:47,12.974622,77.548096,0,False,62793,4096,21,28,68,14018,4020,10,0.86,7J4VXGFX+
5/21/2021 15:47,12.974622,77.548096,0,False,62793,4096,21,27,68,14081,4020,10,0.86,7J4VXGFX+
5/21/2021 15:47,12.974622,77.548096,0,False,62793,4096,14,25,68,14060,4025,10,0.86,7J4VXGFX+
5/21/2021 15:47,12.974622,77.548096,0,False,62793,4096,21,26,68,13954,4031,10,0.86,7J4VXGFX+
5/21/2021 15:47,12.974622,77.548096,0,False,62793,4096,21,26,68,14081,4025,10,0.86,7J4VXGFX+
5/21/2021 15:47,12.974622,77.548096,0,False,62793,4096,14,27,68,13996,4014,10,0.86,7J4VXGFX+
5/21/2021 15:47,12.974622,77.548096,0,False,62793,4096,14,26,68,13847,4003,10,0.86,7J4VXGFX+
5/21/2021 15:47,12.974622,77.548096,0,False,62793,4096,21,27,68,13869,4003,10,0.86,7J4VXGFX+
5/21/2021 15:47,12.974622,77.548096,0,False,62793,4096,21,26,68,13826,4008,10,0.86,7J4VXGFX+
5/21/2021 15:47,12.974622,77.548096,0,False,62793,4096,21,26,68,13911,4008,10,0.86,7J4VXGFX+
5/21/2021 15:47,12.974622,77.548096,0,False,62793,4096,21,25,68,13826,4003,10,0.86,7J4VXGFX+
5/21/2021 15:47,12.974622,77.548096,0,False,62793,4096,21,25,68,14145,4025,10,0.86,7J4VXGFX+
5/21/2021 15:47,12.974622,77.548096,0,False,62793,4096,21,24,68,14081,4020,10,0.86,7J4VXGFX+
5/21/2021 15:47,12.974622,77.548096,0,False,62793,4096,21,24,68,13996,4014,10,0.86,7J4VXGFX+
5/21/2021 15:47,12.974622,77.548096,0,False,62793,4096,21,25,68,13954,4025,10,0.86,7J4VXGFX+
5/21/2021 15:47,12.974622,77.548096,0,False,62793,4096,21,25,68,14018,4025,10,0.86,7J4VXGFX+
5/21/2021 15:47,12.974622,77.548096,0,False,62793,4096,14,26,68,14145,4008,10,0.86,7J4VXGFX+
5/21/2021 15:47,12.974622,77.548096,0,False,62793,4096,14,25,68,14167,4008,10,0.86,7J4VXGFX+
5/21/2021 15:47,12.974622,77.548096,0,False,62793,135328,21,26,68,921,4014,10,0.86,7J4VXGFX+
5/21/2021 15:47,12.974622,77.548096,0,False,62793,4224,21,27,68,359,4114,10,0.86,7J4VXGFX+
5/21/2021 15:47,12.974622,77.548096,0,False,62793,4224,14,26,68,359,4114,10,0.86,7J4VXGFX+
5/21/2021 15:47,12.974622,77.548096,0,False,62793,4224,14,27,68,408,4114,10,0.86,7J4VXGFX+
5/21/2021 15:47,12.974622,77.548096,0,False,62793,4224,14,19,68,408,4025,9,0.89,7J4VXGFX+
5/21/2021 15:47,12.974622,77.548096,0,False,62793,4224,14,26,156,408,4108,9,0.89,7J4VXGFX+
5/21/2021 15:47,12.974622,77.548096,0,False,62793,4224,14,22,168,359,4103,9,0.89,7J4VXGFX+
5/21/2021 15:47,12.974622,77.548096,0,False,62793,4224,21,22,158,408,4103,9,0.89,7J4VXGFX+
5/21/2021 15:47,12.974622,77.548096,0,False,62793,4224,14,20,22,408,4097,9,0.89,7J4VXGFX+
5/21/2021 15:47,12.974622,77.548096,0,False,62793,4224,14,21,261,408,3992,8,1.0,7J4VXGFX+
5/21/2021 15:47,12.974622,77.548096,0,False,62793,4224,14,19,280,359,4058,8,1.02,7J4VXGFX+
5/21/2021 15:47,12.974622,77.548096,0,False,62793,4224,21,20,280,408,4053,8,1.01,7J4VXGFX+
5/21/2021 15:47,12.974622,77.548096,0,False,62793,4224,21,18,280,408,4053,8,1.01,7J4VXGFX+
5/21/2021 15:47,12.974622,77.548096,0,False,62793,4224,21,14,280,408,4053,7,1.11,7J4VXGFX+
5/21/2021 15:47,12.974622,77.548096,0,False,62793,4224,14,21,280,433,4058,8,1.01,7J4VXGFX+
5/21/2021 15:47,12.974622,77.548096,0,False,62793,4224,14,20,280,359,4058,7,1.21,7J4VXGFX+
5/21/2021 15:47,12.974622,77.548096,0,False,62793,4224,14,20,280,408,4064,7,1.21,7J4VXGFX+
5/21/2021 15:47,12.974622,77.548096,0,False,62793,4224,14,19,280,408,4064,8,1.0,7J4VXGFX+
5/21/2021 15:58,12.974622,77.548096,0,False,57478,3072,21,23,263,13996,4014,11,0.82,7J4VXGFX+
5/21/2021 15:58,12.974622,77.548096,0,False,57583,3072,21,25,270,13996,4003,11,0.82,7J4VXGFX+
5/21/2021 15:58,12.974622,77.548096,0,False,57583,3072,21,31,288,13869,4025,11,0.81,7J4VXGFX+
5/21/2021 15:58,12.974622,77.548096,0,False,57685,3072,28,30,271,14060,4014,10,0.84,7J4VXGFX+
5/21/2021 15:58,12.974622,77.548096,0,False,57685,3072,21,20,278,13720,4014,10,0.84,7J4VXGFX+
5/21/2021 15:58,12.974622,77.548096,0,False,57685,3072,21,23,289,13932,4031,11,0.81,7J4VXGFX+
5/21/2021 15:58,12.974622,77.548096,0,False,57785,3072,21,23,289,13571,4020,10,0.84,7J4VXGFX+
5/21/2021 15:58,12.974622,77.548096,0,False,57785,3072,28,20,289,13698,4020,10,0.84,7J4VXGFX+
5/21/2021 15:58,12.974622,77.548096,0,False,57785,3072,28,20,266,13932,3970,10,0.84,7J4VXGFX+
5/21/2021 15:58,12.974622,77.548096,0,False,57785,3072,14,25,272,13911,3975,10,0.85,7J4VXGFX+
5/21/2021 15:58,12.974622,77.548096,0,False,57895,3072,14,31,264,14060,3975,10,0.85,7J4VXGFX+
5/21/2021 15:58,12.974622,77.548096,0,False,57998,3072,21,27,261,14060,4025,11,0.83,7J4VXGFX+
5/21/2021 15:58,12.974622,77.548096,0,False,57998,3072,21,18,258,13996,3975,11,0.83,7J4VXGFX+
5/21/2021 15:58,12.974622,77.548096,0,False,58100,3072,21,18,258,14081,3981,11,0.81,7J4VXGFX+
5/21/2021 15:58,12.974622,77.548096,0,False,58205,3072,21,20,257,13869,4014,10,0.85,7J4VXGFX+
5/21/2021 15:58,12.974622,77.548096,0,False,58312,3072,28,20,256,13954,4020,10,0.85,7J4VXGFX+
5/21/2021 15:58,12.974622,77.548096,0,False,58414,3072,21,26,280,13826,4020,10,0.84,7J4VXGFX+
5/21/2021 15:58,12.974622,77.548096,0,False,58414,3072,28,26,255,13698,4020,10,0.84,7J4VXGFX+
5/21/2021 15:58,12.974622,77.548096,0,False,58414,3072,28,28,241,13826,4031,10,0.85,7J4VXGFX+
5/21/2021 15:58,12.974622,77.548096,0,False,58521,3072,14,28,227,13826,4020,10,0.85,7J4VXGFX+
5/21/2021 15:58,12.974622,77.548096,0,False,58521,3072,8,28,211,13783,4020,10,0.85,7J4VXGFX+
5/21/2021 15:58,12.974622,77.548096,0,False,58623,3072,14,29,199,14060,4025,10,0.85,7J4VXGFX+
5/21/2021 15:58,12.974622,77.548096,0,False,58727,3072,21,29,202,14060,4025,10,0.84,7J4VXGFX+
5/21/2021 15:58,12.974622,77.548096,0,False,58837,3072,21,25,198,13932,4025,10,0.84,7J4VXGFX+
5/21/2021 15:58,12.974622,77.548096,0,False,58940,3072,28,26,198,13762,4042,10,0.84,7J4VXGFX+
5/21/2021 15:58,12.974622,77.548096,0,False,58940,3072,21,20,178,13783,4008,10,0.84,7J4VXGFX+
5/21/2021 15:58,12.974622,77.548096,0,False,58940,3072,21,20,178,13635,4025,9,0.97,7J4VXGFX+
5/21/2021 15:58,12.974622,77.548096,0,False,58940,3072,21,21,178,13209,4031,9,0.91,7J4VXGFX+
5/21/2021 15:58,12.974622,77.548096,0,False,58940,3072,21,21,178,13379,4025,8,1.03,7J4VXGFX+
5/21/2021 15:58,12.974622,77.548096,0,False,58940,3072,21,24,178,13720,4014,10,0.84,7J4VXGFX+
5/21/2021 15:58,12.974622,77.548096,0,False,58940,3072,21,22,178,13550,4025,9,0.88,7J4VXGFX+
5/21/2021 15:58,12.974622,77.548096,0,False,58940,3072,21,22,200,13677,4025,10,0.85,7J4VXGFX+
5/21/2021 15:58,12.974622,77.548096,0,False,59042,3072,21,23,202,13911,4014,10,0.85,7J4VXGFX+
5/21/2021 15:58,12.974622,77.548096,0,False,59144,3072,21,22,204,13911,3986,10,0.85,7J4VXGFX+
5/21/2021 15:58,12.974622,77.548096,0,False,59248,3072,14,22,210,13783,4014,10,0.85,7J4VXGFX+
5/21/2021 15:58,12.974622,77.548096,0,False,59350,3072,14,21,214,13762,4008,10,0.84,7J4VXGFX+
5/21/2021 15:58,12.974622,77.548096,0,False,59350,3072,21,21,214,14018,4008,10,0.85,7J4VXGFX+
5/21/2021 15:58,12.974622,77.548096,0,False,59350,3072,21,17,214,13698,4008,10,0.85,7J4VXGFX+
5/21/2021 15:58,12.974622,77.548096,0,False,59350,3072,21,24,214,13762,4025,10,0.85,7J4VXGFX+
5/21/2021 15:58,12.974622,77.548096,0,False,59350,3072,14,23,214,13826,4014,10,0.85,7J4VXGFX+
5/21/2021 15:58,12.974622,77.548096,0,False,59350,3072,14,23,214,13720,4008,10,0.85,7J4VXGFX+
5/21/2021 15:58,12.974622,77.548096,0,False,59350,3072,21,24,214,13720,4020,10,0.85,7J4VXGFX+
5/21/2021 15:58,12.974622,77.548096,0,False,59350,3072,14,21,202,13826,4020,10,0.85,7J4VXGFX+
5/21/2021 15:58,12.974622,77.548096,0,False,59458,3072,14,19,203,13996,4025,10,0.85,7J4VXGFX+
5/21/2021 15:58,12.974622,77.548096,0,False,59567,3072,14,28,205,14060,4025,10,0.85,7J4VXGFX+
5/21/2021 15:58,12.974622,77.548096,0,False,59668,3072,21,30,203,13911,4008,10,0.84,7J4VXGFX+
5/21/2021 15:58,12.974622,77.548096,0,False,59772,3072,21,30,200,13550,4025,10,0.84,7J4VXGFX+
5/21/2021 15:58,12.974622,77.548096,0,False,59772,3072,21,21,205,13996,4031,10,0.84,7J4VXGFX+
5/21/2021 15:58,12.974622,77.548096,0,False,59772,3072,21,21,205,13996,4025,10,0.84,7J4VXGFX+
5/21/2021 15:58,12.974622,77.548096,0,False,59772,3072,21,19,205,13932,4031,8,0.97,7J4VXGFX+
5/21/2021 15:58,12.974622,77.548096,0,False,59772,3072,21,22,205,13762,4025,8,0.97,7J4VXGFX+
5/21/2021 15:58,12.974622,77.548096,0,False,59772,3072,21,22,205,13847,4025,9,0.94,7J4VXGFX+
5/21/2021 15:58,12.974622,77.548096,0,False,60181,3072,14,24,207,13996,4008,9,0.94,7J4VXGFX+
5/21/2021 15:58,12.974622,77.548096,0,False,60181,3072,21,20,235,13847,4008,9,0.94,7J4VXGFX+
5/21/2021 15:58,12.974622,77.548096,0,False,60181,3072,21,28,17,14060,4014,9,1.0,7J4VXGFX+
5/21/2021 15:58,12.974622,77.548096,0,False,60282,3072,21,30,21,14060,4014,9,0.94,7J4VXGFX+
